id,trigger,conditions,script,text,options,notes
chiefNavigatorBudaiEncounterOpening,BeginFleetEncounter,"$chief_navigator_budai_hunter score:1000
!$global.chief_navigator_budai_defeated_v1",,"Budai's distortion fills the tactical display. No transmission accompanies its approach.",,Owned Budai bypasses the generic faction FleetDesc; native fleet dialog retains battle and salvage choices.
chiefNavigatorSinniPrompt,ChiefNavigatorSinniIntro_prompt,,,A waitress approaches you with a note in hand.,0:chief_navigator_sinni_event:Take the note from the woman drinking tea at the bar.,Sinni story-bar prompt.
chiefNavigatorSinniStart,ChiefNavigatorSinniIntro_start,,,"""Captain $chiefNavigatorPlayerName?"" The waitress hands you the slip of paper. ""The woman at the end of the bar wants to speak to you.""
Waiting there is a tall woman with silvery hair and a dusky complexion, surrounded by untouched drinks and shots. As you make your way over, you catch a number of patrons shooting glances at you. She holds a thick mug filled with steaming green tea between her hands and watches you approach with an unreadable expression.","0:chief_navigator_sinni_drink:Take one of the drinks.
10:chief_navigator_sinni_note:Hold the note up. ""You have a job for me?""",Sinni introduction.
chiefNavigatorSinniDrinkFemale,ChiefNavigatorSinniIntro_drink,$chief_navigator_player_female,,"You gesture at the vast array of drinks by her side.

Wordlessly, she picks out a shot glass from around her, and sets it in front of you.

You down it.

A man swears loudly behind you.","0:chief_navigator_sinni_drink_2_male:""Thanks.""",Female-player variation.
chiefNavigatorSinniDrinkOther,ChiefNavigatorSinniIntro_drink,!$chief_navigator_player_female,,"You gesture at the vast array of drinks by her side.

Wordlessly, she picks out a shot glass from around her, and sets it in front of you.

You down it.

A man whistles loudly behind you.","0:chief_navigator_sinni_drink_2_male:""Thanks.""",Non-female-player variation.
chiefNavigatorSinniDrink2,ChiefNavigatorSinniIntro_drink_2_male,,,"""They keep buying them for me,"" the woman says, taking another sip from her mug. Her oversized sleeves have the cut and patterning of some Eventide cantons. She gestures toward the remaining drinks. ""As you please.""",0:chief_navigator_sinni_drink_3_male:'Redistribute' the rest of the drinks.,
chiefNavigatorSinniDrink3,ChiefNavigatorSinniIntro_drink_3_male,,,"""Hey guys?"" You say, leaning towards your bodyguards. ""The counter's looking kind of cluttered.""

They don't need to be asked twice. Damn vultures. The woman's would-be suitors are clearly unhappy about the arrangement, but what are they going to do? You're the only one with an armed retinue.

By the time your bodyguards are finished, the bar is considerably emptier.","0:chief_navigator_sinni_note:""So what's this note?""",
chiefNavigatorSinniNote,ChiefNavigatorSinniIntro_note,,,"The woman takes a sip from her mug.

""Yes.""

She looks you over for another moment. ""I need a fleet.""","0:chief_navigator_sinni_note_2:""For what?""",
chiefNavigatorSinniNote2,ChiefNavigatorSinniIntro_note_2,,,"She takes another sip.

""To go to a place.""","0:chief_navigator_sinni_note_3:""Where?""",
chiefNavigatorSinniNote3,ChiefNavigatorSinniIntro_note_3,,,"""Far.""","0:chief_navigator_sinni_coin_gesture:Make a coin gesture.
10:chief_navigator_sinni_coin_price:""How much?""",
chiefNavigatorSinniCoin,ChiefNavigatorSinniIntro_coin,,,She holds her arms out wide.,"0:chief_navigator_sinni_deal_agree:""I can work with that.""
10:chief_navigator_sinni_deal_nod:Nod approvingly.",
chiefNavigatorSinniDeal,ChiefNavigatorSinniIntro_deal,,,"The woman sets her mug down.

""I need to go outside the Sector.""

That gets your attention.","0:chief_navigator_sinni_abyss:""You don't want to go into Abyssal Hyperspace.""",
chiefNavigatorSinniAbyss,ChiefNavigatorSinniIntro_abyss,,,"The woman cocks her head.

""You've been?""","0:chief_navigator_sinni_monsters:""There are... things out there.""
10:chief_navigator_sinni_knowledge:""Everyone knows that.""",
chiefNavigatorSinniMonsters,ChiefNavigatorSinniIntro_monsters,,,"Her eyes light up.

""What things?""","0:chief_navigator_sinni_dwellers:""These... creatures. Made of pure energy. Hostile.""
10:chief_navigator_sinni_threat:""These... machines. Called 'Threat'. It's some kind of artificial, self-replicating swarm.""",
chiefNavigatorSinniKnowledge,ChiefNavigatorSinniIntro_knowledge,,,"She takes another sip from her mug. This time she doesn't reply.","0:chief_navigator_sinni_still_going:""And you're still planning to go?""",
chiefNavigatorSinniDwellers,ChiefNavigatorSinniIntro_dwellers,,,"She stares at you.

""Alive?""

""...Yes. Absolutely.""

Her attention sharpens.

""Interesting.""","0:chief_navigator_sinni_still_going:""That's not the word I'd use.""",
chiefNavigatorSinniThreat,ChiefNavigatorSinniIntro_threat,,,"She goes very still.

""Self-replicating?""

""That's what it looked like.""

She takes a slow sip from her mug. You can see the cup is empty.","0:chief_navigator_sinni_still_going:""You don't seem worried.""",
chiefNavigatorSinniStillGoing,ChiefNavigatorSinniIntro_still_going,,,"""I'm planning an expedition,"" the woman says. She pours herself more tea. ""Outside the Sector.""

She studies you over the rim of her cup.

""I have heard you are capable.""","0:chief_navigator_sinni_still_going_2:""And you need my fleet.""",
chiefNavigatorSinniStillGoing2,ChiefNavigatorSinniIntro_still_going_2,,FireAll ChiefNavigatorSinniIntro_decision,"""Yes.""

The woman ponders her cup.

""Come to Eventide. I have an office overlooking the mirror harbor. We can take tea there, and I can explain what the expedition actually entails.""",,Question hub and Eventide invitation.
chiefNavigatorSinniDecisionName,ChiefNavigatorSinniIntro_decision,!$chiefNavigatorSinniAskedName,,,"0:chief_navigator_sinni_name:""Right. What's your name?""",Adds the one-shot name question until selected.
chiefNavigatorSinniDecisionWhy,ChiefNavigatorSinniIntro_decision,!$chiefNavigatorSinniAskedWhy,,,"10:chief_navigator_sinni_why_me:""One last thing... why did you pick me?""",Adds the one-shot motivation question until selected.
chiefNavigatorSinniDecisionExit,ChiefNavigatorSinniIntro_decision,,,,"20:chief_navigator_sinni_accept:Take Sinni on as an officer.
100:chief_navigator_sinni_leave:Decline for now.",Reusable accept and decline options.
chiefNavigatorSinniName,ChiefNavigatorSinniIntro_name,,"$chiefNavigatorSinniAskedName = true 0
FireAll ChiefNavigatorSinniIntro_decision","""Sinni. Koyama Sinni."" She holds her hand out. ""I'm a navigator, of sorts. And I know you, $chiefNavigatorPlayerTitle $chiefNavigatorPlayerName.""",,Marks the name question asked before returning to the decision options.
chiefNavigatorSinniWhyMe,ChiefNavigatorSinniIntro_why_me,,"$chiefNavigatorSinniAskedWhy = true 0
FireAll ChiefNavigatorSinniIntro_decision","Sinni cocks her head.

""You smell of the starry sea.""",,Marks the motivation question asked before returning to the decision options.
chiefNavigatorSinniAccept,ChiefNavigatorSinniIntro_accept,,ChiefNavigatorSinniIntroCMD accept,"Sinni joins your fleet as an officer. Before leaving the bar, she transfers a private Eventide address and a suggested time to your comm pad.

""Tea. Eventide. Then I'll show you where we're going.""

Eventide is marked on your navigation plot.

[Quest started: ADEPT OF THE STARS AND WAVES]

[Quest started: ONE MORE HORIZON]
",100:chief_navigator_sinni_leave:Leave.,Recruitment creates the Eventide tea objective and marked sightseeing quest; Troy remains unrevealed.

chiefNavigatorSinniEventideOption,PopulateOptions,"$id == eventide
$global.chief_navigator_started
!$global.chief_navigator_eventide_briefed
$menuState == main",,,70:chief_navigator_sinni_eventide_office:Visit Sinni's office.,Eventide-only expedition briefing entry point.
chiefNavigatorSinniEventideArrival,DialogOptionSelected,$option == chief_navigator_sinni_eventide_office,ChiefNavigatorPeopleCMD illustrated chief_navigator_sinni_eventide_tea,"Your shuttle descends through Eventide's measured night, past ranks of orbital mirrors and the lights of the harbor. Sinni's address leads to a quiet office above the water, furnished in dark wood and screened from the city by broad windows.

She is already seated at a low table. A second cup waits opposite her.

""You came.""

Sinni fills your cup, then rests both hands around her own.

""Now I can tell you why I needed a fleet.""",0:chief_navigator_sinni_eventide_listen:""I'm listening.".",Tea meeting opening; the supplied illustration is shown here and retained through the scene.
chiefNavigatorSinniEventidePlan,DialogOptionSelected,$option == chief_navigator_sinni_eventide_listen,,"""The Hegemony is assembling an expedition beyond the Persean Sector,"" Sinni says. ""They are following records left by the Fourteenth Battlegroup. Records of the forces they abandoned when the gates failed.""

She turns her cup once against the grain of the table.

""My ancestor Helen served with an elite detachment of the 14th called 'Task Force Spartan'. When the Fourteenth abandoned their positions and crossed the Abyss, she went with them. She wrote an account of the journey.""

Sinni lays one hand on the closed folio beside her.

""Their commanders know there was a destination. Helen's record tells me how the survivors came out. I rebuilt the route in reverse.""",0:chief_navigator_sinni_eventide_destination:""Where are they going?".",First expedition detail.
chiefNavigatorSinniEventideDestination,DialogOptionSelected,$option == chief_navigator_sinni_eventide_destination,,"""Forward Operating Base Ithaca. A Domain macrobase in the Orion Knot, built to service Domain Naval forces transiting into the Persean Sector.""

The lights beyond the window slide as Eventide's mirrors turn overhead.

""If anything remains there, the Hegemony intends to claim it. We can arrive first.""",0:chief_navigator_sinni_eventide_route:""How do we reach it?".",Ithaca and Hegemony objective reveal.
chiefNavigatorSinniEventideRoute,DialogOptionSelected,$option == chief_navigator_sinni_eventide_route,,"""Waypoint Troy,"" Sinni says. ""A temporary terminus at the far southeast edge of the Sector. From there I can guide a small expedition through the Abyss and into the Orion Knot.""

She slides a manifest across the table.

""The route will only hold an active fleet worth fifty deployment points. There is an anchorage at Troy where we can store everything else until we return.""",0:chief_navigator_sinni_eventide_preparation:""What should I bring?".",Waypoint Troy and fleet-limit explanation.
chiefNavigatorSinniEventidePreparation,DialogOptionSelected,$option == chief_navigator_sinni_eventide_preparation,,"""Efficiency Overhaul wherever it fits. Insulated Engine Assembly, or anything else that reduces your sensor profile. At least one dedicated supply ship and one fuel ship.""

Sinni takes a measured sip.

""The route is survivable. Being noticed along it may not be.""",0:chief_navigator_sinni_eventide_mark_troy:Add Waypoint Troy to the navigation plot.,Expedition preparation advice.
chiefNavigatorSinniEventideComplete,DialogOptionSelected,$option == chief_navigator_sinni_eventide_mark_troy,ChiefNavigatorSinniIntroCMD brief,"Sinni touches two fingers to the table. A point appears at the far southeast edge of the Sector map, followed by the identification code for a cooperative anchorage.

""Waypoint Troy,"" she says. ""Meet me there when your fleet is ready.""

Waypoint Troy is marked on your navigation plot.",100:defaultLeave:Leave Sinni's office.,Completes the Eventide stage and creates the Troy quest marker.

chiefNavigatorSinniAlphaOdysseyArrival,ChiefNavigatorSinniVignette_sinni_alpha_odyssey,,ChiefNavigatorPeopleCMD illustrated chief_navigator_alpha_odyssey_arrival,"The bridge opticals show nothing.

No stars. No dust. Not even the faint distortion of hyperspace—only a depthless black pressing against the ship from every direction.",0:sinni_alpha_odyssey_continue_1:Continue.,One-time Troy Terminus arrival in Alpha Odyssey.
chiefNavigatorSinniAlphaOdysseyArrivalApproach,ChiefNavigatorSinniVignette_sinni_alpha_odyssey_continue_1,,,"Sinni leans over the navigator's console, her face washed pale by its instruments. Her hands move constantly, making tiny corrections whenever the darkness strikes back.

Something scrapes along the drive bubble.

The sound travels through the hull: a slow, metallic shriek that rises beyond hearing and then plunges into a guttural moan.

Around you, officers exchange uneasy glances.

It sounds less like tortured machinery than some immense animal calling from just beyond the edge of reality.

Another impact shudders through the deck.

""Hold together,"" Sinni whispers.

Whether she means the fleet, the ship, or herself is impossible to say.",0:sinni_alpha_odyssey_continue_2:Continue.,One-time Troy Terminus arrival in Alpha Odyssey.
chiefNavigatorSinniAlphaOdysseyArrivalBreakthrough,ChiefNavigatorSinniVignette_sinni_alpha_odyssey_continue_2,,,"There is no charted path through the terminus.

No beacon to follow.

Only half-deciphered coordinates, Helen's logs and Sinni's instinct guide the fleet through a place where every instrument insists there is nothing—and where that nothing keeps clawing at the drive field.

A warning flashes across her console.

Sinni corrects.

The darkness screams.

Then, ahead of the fleet, something changes.

At first it is only a pinprick on the bridge opticals, so faint it might be another failing sensor.

It sharpens into a slender wound of orange light.

With every passing second, it widens, spilling fire across the black.",0:sinni_alpha_odyssey_continue_3:Continue.,One-time Troy Terminus arrival in Alpha Odyssey.
chiefNavigatorSinniAlphaOdysseyArrivalReveal,ChiefNavigatorSinniVignette_sinni_alpha_odyssey_continue_3,,,"""The far side,"" Sinni breathes.

The fleet bursts through.

Darkness vanishes in a blaze.

A brilliant orange star fills the bridge opticals, immense and incandescent, its light washing across worlds that have turned in silence for generations.

Bands of glowing dust stretch through the system like molten rivers.

Distant planets gleam beneath the light of their sun, while ancient debris fields catch the radiance and scatter it in a million golden sparks.

For more than two centuries, no human being has looked upon this sky.

Now your fleet drifts beneath it.

For several long moments, nobody on the bridge speaks.

Sinni stares at the system as if she scarcely believes it is real.",0:sinni_alpha_odyssey_arrived:""...We're here. Outside the Persean Sector.".",One-time Troy Terminus arrival in Alpha Odyssey.
chiefNavigatorSinniAlphaOdysseyArrivalCelebration,ChiefNavigatorSinniVignette_sinni_alpha_odyssey_arrived,,,"""YEAH!""

Sinni shoots out of her chair, both fists in the air.

For one stunned heartbeat, the entire bridge stares at her.

Then somebody else cheers.

Another voice joins them.

The bridge erupts.",0:sinni_alpha_odyssey_celebration_continue_1:Continue.,One-time Troy Terminus arrival in Alpha Odyssey.
chiefNavigatorSinniAlphaOdysseyArrivalCelebration2,ChiefNavigatorSinniVignette_sinni_alpha_odyssey_celebration_continue_1,,,"Officers are on their feet.

Someone pounds both hands against a console.

A relay operator tears off their headset and throws it into the air before scrambling to catch it again.

The fleet comms explode with overlapping voices.

""We made it!""

""Contact confirmed!""

""Tell the deck crews we did it!""",0:sinni_alpha_odyssey_celebration_continue_2:Continue.,One-time Troy Terminus arrival in Alpha Odyssey.
chiefNavigatorSinniAlphaOdysseyArrivalCommands,ChiefNavigatorSinniVignette_sinni_alpha_odyssey_celebration_continue_2,,,"One by one, acknowledgement signals begin flashing across the tactical display.

For a few seconds, the whole expedition glitters within that orange nebula.","0:sinni_alpha_odyssey_command_welcome:""All ships—welcome to the other side.""
10:sinni_alpha_odyssey_command_humanity:""Mark the charts. Humanity is back.""
20:sinni_alpha_odyssey_command_view:""Enjoy the view.""",One-time Troy Terminus arrival in Alpha Odyssey.
chiefNavigatorSinniAlphaOdysseyCommandWelcome,ChiefNavigatorSinniVignette_sinni_alpha_odyssey_command_welcome,,FireAll ChiefNavigatorSinniVignette_sinni_alpha_odyssey_end,,,Routes an Alpha Odyssey arrival command response to the common ending.
chiefNavigatorSinniAlphaOdysseyCommandHumanity,ChiefNavigatorSinniVignette_sinni_alpha_odyssey_command_humanity,,FireAll ChiefNavigatorSinniVignette_sinni_alpha_odyssey_end,,,Routes an Alpha Odyssey arrival command response to the common ending.
chiefNavigatorSinniAlphaOdysseyCommandView,ChiefNavigatorSinniVignette_sinni_alpha_odyssey_command_view,,FireAll ChiefNavigatorSinniVignette_sinni_alpha_odyssey_end,,,Routes an Alpha Odyssey arrival command response to the common ending.
chiefNavigatorSinniAlphaOdysseyEnd,ChiefNavigatorSinniVignette_sinni_alpha_odyssey_end,,,"The fleet settles into formation.

Navigation fixes begin propagating from ship to ship.

New coordinates.

New stellar data.

New names waiting to be written onto old charts.",0:sinni_alpha_odyssey_end_continue_1:Continue.,One-time Troy Terminus arrival in Alpha Odyssey.
chiefNavigatorSinniAlphaOdysseyEnd2,ChiefNavigatorSinniVignette_sinni_alpha_odyssey_end_continue_1,,,"For the first time in more than two centuries, a human fleet has crossed beyond the Persean Sector and survived the passage.

At the navigation hub, Sinni reaches for the controls again.

Her hands are still shaking.

She pauses.",0:sinni_alpha_odyssey_end_continue_2:Continue.,One-time Troy Terminus arrival in Alpha Odyssey.
chiefNavigatorSinniAlphaOdysseyEnd3,ChiefNavigatorSinniVignette_sinni_alpha_odyssey_end_continue_2,,,"""Great-Grandmother,"" you hear her whisper.

""We're coming home.""

A moment later, FOB Ithaca appears on the expedition map, flagged in Ashen Verge.",100:sinni_alpha_odyssey_map_notice:Continue.,One-time Troy Terminus arrival in Alpha Odyssey.
chiefNavigatorSinniAlphaOdysseyMapNotice,ChiefNavigatorSinniVignette_sinni_alpha_odyssey_map_notice,,"SetTextHighlightColors hColor
SetTextHighlights ""You can ask Sinni for guidance or open her custom starscape map of the Orion Knot through Contacts. Her map is also available in the Adept of the Stars and Waves Intel entry.""","You can ask Sinni for guidance or open her custom starscape map of the Orion Knot through Contacts. Her map is also available in the Adept of the Stars and Waves Intel entry.",100:complete_alpha_odyssey:Continue.,Highlighted guidance and map notice at the end of the first Alpha Odyssey arrival.

chiefNavigatorSinniVignetteNebula,ChiefNavigatorSinniVignette_sinni_nebula,,,"The stars disappear one by one as your fleet pushes deeper into $chiefNavigatorSinniSystemName.

Soon there is nothing outside but darkness.

It is a sparse shift right now. Only a skeleton crew mans the panels, maintaining your fleet trajectory. You find Sinni at the navigation hub. She's staring out the command opticals at the blackness.

Great banks of dust drift past the bridge windows, sometimes translucent, sometimes thick enough to swallow the running lights of ships only a few kilometers away.

She is fiddling with a knob.

With a sudden blinding light, the bridge windows turn pure white. Then, slowly, shapes come into view. You are staring out at a great nebula, its vast folds and filaments traced and projected across the bridge windows in stunning detail.

""Look.""

She seems pleased by this.","0:sinni_nebula_center:""What am I looking at?""",Sinni stellar-system vignette dialogue.
chiefNavigatorSinniVignetteNebulaCenter,ChiefNavigatorSinniVignette_sinni_nebula_center,,,"""We ingest the dust emissions around us. What you're seeing is a reconstructed far-infrared volume.""

Sinni turns the knob another fraction. The image shifts. A dark ridge separates into two, revealing another immense sheet of dust behind it.

""The dust absorbs starlight and gives the energy back at longer wavelengths.""

Another filament slips slowly out from behind the first. You realize that the nebula isn't merely scrolling past you. It is unfolding.","0:sinni_nebula_moving:""It's moving.""",Sinni stellar-system vignette dialogue.
chiefNavigatorSinniVignetteNebulaMoving,ChiefNavigatorSinniVignette_sinni_nebula_moving,,,"""No. We are.""

Sinni points toward one of the nearer clouds as it drifts rapidly across the structures behind it.

""Parallax. That cloud and the one behind it looked joined when we entered the system.""

She checks the sensor reconstruction.

""They're about half a light-year apart.""

Sinni's gaze fixes on the cloud before her.

""What you're seeing is depth becoming time. We cross in hours what the cloud takes millennia to change.""

Another immense fold separates from the darkness.

""Something larger than the entire Samsarra solar system, breathing and twisting in the starry sea.""

The fleet continues forward.

Another black wall separates into layers.","0:sinni_nebula_harder:""That makes your job harder.""",Sinni stellar-system vignette dialogue.
chiefNavigatorSinniVignetteNebulaHarder,ChiefNavigatorSinniVignette_sinni_nebula_harder,,,"""Yes. But don't worry.""

She indicates a series of faint lines.

""We can navigate by velocity. Gravity. Time.""

Another bank of dust rolls across the enhanced opticals, swallowing several distant stars.

""We stride forward by the last light in our path.""

[skill gained: nebula plotting: -1% sensor profile.]",0:complete_nebula:Continue.,Sinni stellar-system vignette dialogue.
chiefNavigatorSinniVignetteBlackHole,ChiefNavigatorSinniVignette_sinni_black_hole,,,"You return to the bridge to find most of the navigation overlays missing.

The fleet is still precisely on course. Collision warnings remain active, the tactical plot is untouched, and the navigation computer continues counting down to your destination.

Only the forward observation feed has been cleared.

At its center hangs the black hole.

Its shadow is almost circular, but not quite. One side is subtly flattened, the opposite edge drawn farther out, giving the darkness a lopsided shape that becomes more apparent the longer you stare at it.

A band of incandescent matter cuts across its face.

That same band seems to climb impossibly upward behind the black hole, folding over the darkness into a brilliant arc before plunging down the other side. Beneath it, thinner rings of light crowd against the shadow.

Sinni stands at the navigation console, watching it.","0:sinni_black_hole_overlays:""What happened to the overlays?""",Sinni stellar-system vignette dialogue.
chiefNavigatorSinniVignetteBlackHoleOverlays,ChiefNavigatorSinniVignette_sinni_black_hole_overlays,,,"""Turned them off.""","0:sinni_black_hole_why:""I gathered that.""
10:sinni_black_hole_danger:""Isn't that dangerous?""
20:sinni_black_hole_object_permanence:""Genius. No warnings means no enemies.""",Sinni stellar-system vignette dialogue.
chiefNavigatorSinniVignetteBlackHoleWhy,ChiefNavigatorSinniVignette_sinni_black_hole_why,,,"""They were in the way.""

She points toward the observation feed.

Your trajectory carries the fleet safely past the black hole before bending outward again.

The course passes almost perfectly beneath the distorted ring.","0:sinni_black_hole_route:""Did you plan this?""",Sinni stellar-system vignette dialogue.
chiefNavigatorSinniVignetteBlackHoleDanger,ChiefNavigatorSinniVignette_sinni_black_hole_danger,,,"""No.""

Sinni taps one of the secondary displays.

The navigation computer is still running. Collision warnings remain active, the tactical plot is untouched, and your projected trajectory remains exactly where it was.

""I only turned off the things between us and the window.""

She points toward the observation feed.

Your trajectory carries the fleet safely past the black hole before bending outward again.

The course passes almost perfectly beneath the distorted ring.","0:sinni_black_hole_route:""Did you plan this?""",Sinni stellar-system vignette dialogue.
chiefNavigatorSinniVignetteBlackHoleObjectPermanence,ChiefNavigatorSinniVignette_sinni_black_hole_object_permanence,,,"""No.""

Sinni looks at you.

""They can still see us.""","0:sinni_black_hole_object_permanence_2:""Damn.""",Sinni stellar-system vignette dialogue.
chiefNavigatorSinniVignetteBlackHoleObjectPermanence2,ChiefNavigatorSinniVignette_sinni_black_hole_object_permanence_2,,,"""Sorry.""

She points toward the observation feed.

Your trajectory carries the fleet safely past the black hole before bending outward again.

The course passes almost perfectly beneath the distorted ring.","0:sinni_black_hole_route:""Did you plan this?""",Sinni stellar-system vignette dialogue.
chiefNavigatorSinniVignetteBlackHoleRoute,ChiefNavigatorSinniVignette_sinni_black_hole_route,,,"""Yes.""","0:sinni_black_hole_assist:""For the gravity assist?""",Sinni stellar-system vignette dialogue.
chiefNavigatorSinniVignetteBlackHoleAssist,ChiefNavigatorSinniVignette_sinni_black_hole_assist,,,"""Mostly.""

You wait.

""Adds one minute, forty-one seconds.""","0:sinni_black_hole_view:""So you planned this for the view.""",Sinni stellar-system vignette dialogue.
chiefNavigatorSinniVignetteBlackHoleView,ChiefNavigatorSinniVignette_sinni_black_hole_view,,,"""Sorry.""

You look toward the black disk.

The longer you stare at it, the less the image seems to make sense.

The accretion disk cuts straight across the darkness like a burning horizon, yet another image of it rises behind the black hole and curls over the top. Closer to the shadow, thinner bands of light seem to fold over themselves again and again.","0:sinni_black_hole_explain:""What am I actually looking at?""",Sinni stellar-system vignette dialogue.
chiefNavigatorSinniVignetteBlackHoleExplain,ChiefNavigatorSinniVignette_sinni_black_hole_explain,,,"""Look at this disk.""

Sinni reaches down, and picks up your wrist. Carefully, she traces the disk's light, circling around the dark sphere in the center, until she ends pointing toward the darkness in the center.

""The event horizon is smaller. That's the shadow.""

She draws a smaller circle within it.

""Light can pass much closer than this and still escape. Closer than that, it can orbit the hole.""

Her finger moves inward.

""Closer still...""

She lets her hand fall.

""It doesn't come back.""","0:sinni_black_hole_actual:""So this is what a black hole actually looks like.""",Sinni stellar-system vignette dialogue.
chiefNavigatorSinniVignetteBlackHoleActual,ChiefNavigatorSinniVignette_sinni_black_hole_actual,,,"""Yes.""

Sinni glances toward you.

""Change our bearing and the view changes with it.""

The warped disk crawls slowly around the shadow as your fleet continues along its course.","0:sinni_black_hole_sea:""Every sea has somewhere you don't sail.""",Sinni stellar-system vignette dialogue.
chiefNavigatorSinniVignetteBlackHoleSea,ChiefNavigatorSinniVignette_sinni_black_hole_sea,,,"Sinni looks toward the shadow.

For a while, neither of you says anything.","0:sinni_black_hole_response:""Keep us safe, Sinni.""",Sinni stellar-system vignette dialogue.
chiefNavigatorSinniVignetteBlackHoleResponse,ChiefNavigatorSinniVignette_sinni_black_hole_response,,,"""Acknowledged.""

You turn to leave, but Sinni stays.

She makes a minute correction to the fleet's bearing. But she doesn't take her eyes off the sight before her.

[skill gained: black hole mastery: -10% damage from black holes.]",0:complete_black_hole:Continue.,Sinni stellar-system vignette dialogue.
chiefNavigatorSinniVignetteNeutronStar,ChiefNavigatorSinniVignette_sinni_neutron_star,,,"""Come starboard to zero-eight-five! Down ten!""

""Starboard zero-eight-five, down ten, aye!""

The bridge is a mess.

Your flagship rolls and pitches beneath you, dragging the fleet's drive bubble along with it. Somewhere behind the navigation pit, relay officers echo Sinni's commands across the fleet.

Red warnings flash across every display.

Ahead, the neutron star turns.","0:sinni_neutron_star_make_it:""Sinni! Are we going to make it?!""",Sinni stellar-system vignette dialogue.
chiefNavigatorSinniVignetteNeutronStarMakeIt,ChiefNavigatorSinniVignette_sinni_neutron_star_make_it,,,"""Yes, $chiefNavigatorSinniPlayerTitle!""

Sinni's eyes remain fixed on her console. The warning lights stain her silver hair blood-red.

A timer reaches zero.

""Next beam incoming!"" Sinni yells. ""Brace!""

""Brace!"" the ship's PA echoes.

Everyone is already strapped in. Hands still tighten around restraints and console edges.

Through the command opticals, half the bridge windows sear white.",0:chief_navigator_auto_page_chief_navigator_sinni_vignette_neutron_star_make_it_2:Continue.,Sinni stellar-system vignette dialogue. Auto-paged 1/2.
chiefNavigatorSinniVignetteNeutronStarMakeItPage2,ChiefNavigatorSinniVignette_chief_navigator_auto_page_chief_navigator_sinni_vignette_neutron_star_make_it_2,,,"The pulsar beam catches the fleet.

Your drive field takes the worst of it, spreading the radiation load across the bubble, but the impact still shudders through the flagship. Displays flicker. Somewhere aft, something heavy comes loose with a distant metallic crash.

Then the light passes.

For half a second, the bridge is quiet.

Sinni is already looking at the clock.

""Thirty-one seconds.""","0:sinni_neutron_star_again:""Until what?""",Automatic runtime continuation 2/2 for chiefNavigatorSinniVignetteNeutronStarMakeIt.
chiefNavigatorSinniVignetteNeutronStarAgain,ChiefNavigatorSinniVignette_sinni_neutron_star_again,,,"""Again.""

You sigh. Out of relief or otherwise, you're not sure anymore.

Then you grit your teeth.","0:sinni_neutron_star_again_2:""Stand by for the next maneuver!""",Sinni stellar-system vignette dialogue.
chiefNavigatorSinniVignetteNeutronStarAgain2,ChiefNavigatorSinniVignette_sinni_neutron_star_again_2,,,"""Aye!"" comes the answer from Sinni and across the bridge.

You prepare yourself again.

Thirty seconds.

Twenty-nine.

Twenty-eight.

The star turns.

[skill gained: pulsar timing: +1% campaign acceleration.]",0:complete_neutron_star:Continue.,Sinni stellar-system vignette dialogue.
chiefNavigatorSinniVignetteWhiteDwarf,ChiefNavigatorSinniVignette_sinni_white_dwarf,,,"You find Sinni alone at the navigation hub.

The command opticals are centered on the system's primary.

A white dwarf.

Small enough that even magnified, it looks less like a sun than a hole punched through the dark.

Sinni is staring at it.

""It was the whiteness of the whale that above all things appalled me. But how can I hope to explain myself here; and yet, in some dim, random way, explain myself I must, else all these chapters might be naught.""","0:sinni_white_dwarf_moby:""Another old story?""
10:sinni_white_dwarf_what:""How can a wail be white?""",Sinni stellar-system vignette dialogue.
chiefNavigatorSinniVignetteWhiteDwarfMoby,ChiefNavigatorSinniVignette_sinni_white_dwarf_moby,,,"""Mm.""

Sinni doesn't look away from the star.

""Moby-Dick. It's a story about a man hunting a white whale.""

A pause.

""Old Earth.""","0:sinni_white_dwarf_what:""Wail?""",Sinni stellar-system vignette dialogue.
chiefNavigatorSinniVignetteWhiteDwarfWhat,ChiefNavigatorSinniVignette_sinni_white_dwarf_what,,,"""'Whale.' W-H-A-L-E.""

Sinni takes a slow sip from her tea.

""Old Earth sea creature.""

Sinni taps her console. A novel by someone named Herman Melville begins scrolling down her screen.

A cover animation of the novel begins playing on one of the side displays.

A man, armored in a water-adapted work suit, stands on the deck of a primitive water transport, braced behind a long rifle. The laser sights on his weapon flicker into the darkness.

Then, beyond the rail, something enormous rises from the waves.

White shell.

Heavy claws.

A segmented body disappearing beneath the water.

It is a massive white crustacean.","0:sinni_white_dwarf_whale_2_whale:""That's a whale?""
10:sinni_white_dwarf_whale_2_lobster:""That looks like a Volturnian lobster.""",Sinni stellar-system vignette dialogue.
chiefNavigatorSinniVignetteWhiteDwarfWhale2Whale,ChiefNavigatorSinniVignette_sinni_white_dwarf_whale_2_whale,,FireAll ChiefNavigatorSinniVignette_sinni_white_dwarf_whale_2,,,Sinni stellar-system vignette dialogue.
chiefNavigatorSinniVignetteWhiteDwarfWhale2Lobster,ChiefNavigatorSinniVignette_sinni_white_dwarf_whale_2_lobster,,FireAll ChiefNavigatorSinniVignette_sinni_white_dwarf_whale_2,,,Sinni stellar-system vignette dialogue.
chiefNavigatorSinniVignetteWhiteDwarfWhale2,ChiefNavigatorSinniVignette_sinni_white_dwarf_whale_2,,,"""Probably.""

Sinni watches the looping video play.

""Large ocean creature. As big as a frigate. Mm. It's a whale.""

A pause.","0:sinni_white_dwarf_whale_3:""You don't actually know, do you?""",Sinni stellar-system vignette dialogue.
chiefNavigatorSinniVignetteWhiteDwarfWhale3,ChiefNavigatorSinniVignette_sinni_white_dwarf_whale_3,,,"""No. Do you?""","0:sinni_white_dwarf_whale_4:""No.""
10:sinni_white_dwarf_whale_6:""Yes."" (Lie)",Sinni stellar-system vignette dialogue.
chiefNavigatorSinniVignetteWhiteDwarfWhale6,ChiefNavigatorSinniVignette_sinni_white_dwarf_whale_6,,,"""Liar.""

Sinni gives you a flat look.","0:sinni_white_dwarf_whale_4:""...No.""",Sinni stellar-system vignette dialogue.
chiefNavigatorSinniVignetteWhiteDwarfWhale4,ChiefNavigatorSinniVignette_sinni_white_dwarf_whale_4,,,"The two of you stare at the animation for another moment.

Neither of you is particularly qualified to dispute it.

Sinni closes the book.

The immense white crustacean disappears.

The white dwarf remains.","0:sinni_white_dwarf_whiteness:""So what does any of this have to do with the star?""",Sinni stellar-system vignette dialogue.
chiefNavigatorSinniVignetteWhiteDwarfWhiteness,ChiefNavigatorSinniVignette_sinni_white_dwarf_whiteness,,,"""The white.""

Sinni gestures toward the command opticals.

""It looks simple.""

She lowers the exposure.

The glare contracts until the dwarf becomes a tiny, hard sphere of white light.

""Small. Clean. Quiet.""

She brings up the system's gravitational plot.

The projected gravity well plunges around it.

""It isn't.""","0:sinni_white_dwarf_size:""How small is it?""
10:sinni_white_dwarf_mass:""How massive?""",Sinni stellar-system vignette dialogue.
chiefNavigatorSinniVignetteWhiteDwarfSize,ChiefNavigatorSinniVignette_sinni_white_dwarf_size,,,"""About the size of Old Earth.""

She places a reconstructed terrestrial planet beside the star.

The two are disturbingly close in diameter.","0:sinni_white_dwarf_mass:""And the mass?""",Sinni stellar-system vignette dialogue.
chiefNavigatorSinniVignetteWhiteDwarfMass,ChiefNavigatorSinniVignette_sinni_white_dwarf_mass,,,"""Most of a star.""

The mass estimate appears beside it.

Almost a solar mass.

Sinni places an Old Sol comparison beside the dwarf.

The difference in size is absurd.","0:sinni_white_dwarf_density:""So that's almost a sun packed into a planet.""",Sinni stellar-system vignette dialogue.
chiefNavigatorSinniVignetteWhiteDwarfDensity,ChiefNavigatorSinniVignette_sinni_white_dwarf_density,,,"""Yes.""

She taps the gravity plot.

""Don't navigate by appearances.""

Sinni compares the lobster with the star.

""White.""

She points at the lobster.

""Dangerous.""

Then the dwarf.

""Also dangerous. See?""

[skill gained: remnant economy: -1% fleet supply upkeep.]","0:complete_white_dwarf:""I see.""",Sinni stellar-system vignette dialogue.
chiefNavigatorSinniVignetteMainSequence,ChiefNavigatorSinniVignette_sinni_main_sequence,,,"Sinni is writing when you find her.

She looks unusually relaxed right now. Her boots are off and she is sitting cross-legged on her navigator's chair. Another cup of that strange light-green tea has found its way into her hands.

""$chiefNavigatorSinniPlayerTitle.""","0:sinni_tea_name:""Sinni.""
10:sinni_tea_title:""Chief Nav.""",Sinni stellar-system vignette dialogue.
chiefNavigatorSinniVignetteTeaName,ChiefNavigatorSinniVignette_sinni_tea_name,,FireAll ChiefNavigatorSinniVignette_sinni_tea,,,Sinni stellar-system vignette dialogue.
chiefNavigatorSinniVignetteTeaTitle,ChiefNavigatorSinniVignette_sinni_tea_title,,FireAll ChiefNavigatorSinniVignette_sinni_tea,,,Sinni stellar-system vignette dialogue.
chiefNavigatorSinniVignetteTea,ChiefNavigatorSinniVignette_sinni_tea,,,"""Join me for some matcha.""","0:sinni_tea_2:""Sure.""
10:sinni_tea_2_flask:""Sure."" (unscrew your flask)",Sinni stellar-system vignette dialogue.
chiefNavigatorSinniVignetteTea2,ChiefNavigatorSinniVignette_sinni_tea_2,,FireAll ChiefNavigatorSinniVignette_sinni_tea_3,"Sinni produces another cup from within her sleeves.

Of course she already has one.

She pours from a small insulated canister and passes it over.

The drink is hot, bitter, and grassy.",,Sinni stellar-system vignette dialogue.
chiefNavigatorSinniVignetteTea2Flask,ChiefNavigatorSinniVignette_sinni_tea_2_flask,,FireAll ChiefNavigatorSinniVignette_sinni_tea_3,"Sinni produces another cup from within her sleeves.

Of course she already has one.

She pours from a small insulated canister and passes it over.

While she is turned around, you add a shot from your flask to the cup.

The drink is hot, bitter, and grassy, but with just the right amount of kick to make it interesting.",,Sinni stellar-system vignette dialogue.
chiefNavigatorSinniVignetteTea3,ChiefNavigatorSinniVignette_sinni_tea_3,,,Sinni turns back toward the command opticals.,"0:sinni_tea_4:""You seem relaxed.""",Sinni stellar-system vignette dialogue.
chiefNavigatorSinniVignetteTea4,ChiefNavigatorSinniVignette_sinni_tea_4,,,"She looks back. There's something weird on her face.

A smile.

You damn near choke on your tea out of shock.

""This is a stable system,"" she says, a very self-satisfied look on her face. Sinni takes another sip. ""Calm seas are when Navigators relax.""","0:sinni_work_easy:""Must be nice, not having work.""
10:sinni_work_dock:""Keep talking. I want to know just how much pay to dock from you.""",Sinni stellar-system vignette dialogue.
chiefNavigatorSinniVignetteWorkDock,ChiefNavigatorSinniVignette_sinni_work_dock,,,"""Hai, hai."" Sinni murmurs. ""Moshiwake gozaimasen, 'Kancho-Sama.'""","0:sinni_work_2:""Because I don't understand you, I'm going to have to interpret what you said as disrespect.""",Sinni stellar-system vignette dialogue.
chiefNavigatorSinniVignetteWork2,ChiefNavigatorSinniVignette_sinni_work_2,,,"Sinni clasps her hands and bows her head.

""As you will. And by the way, Captain?""","0:sinni_work_easy_2:""What is it?""",Sinni stellar-system vignette dialogue.
chiefNavigatorSinniVignetteWorkEasy,ChiefNavigatorSinniVignette_sinni_work_easy,,,"Sinni takes another sip.

""For me. Not for you.""","0:sinni_work_easy_2:""Pardon?""",Sinni stellar-system vignette dialogue.
chiefNavigatorSinniVignetteWorkEasy2,ChiefNavigatorSinniVignette_sinni_work_easy_2,,,"""Here be dragons.""

She points toward one of the tactical displays.

""Human ones.""

Sinni gives you another rare smile.

""Stable systems like these attract trouble of the human kind.""

A pause.

""In other words, your job. Not mine.""

Right on cue, the command center erupts in warning tones. The rest of your bridge crew begin spilling out of the nearby break room, fastening harnesses and taking their stations.

Contacts are coming in fast. Sinni raises her cup.

""Do your best.""

[encounter generated: lone pirate raider; guaranteed recovery: pristine Kite (S).]",0:complete_main_sequence:Continue.,Sinni stellar-system vignette dialogue.
chiefNavigatorSinniVignetteGiantStar,ChiefNavigatorSinniVignette_sinni_giant_star,,,"Sinni has reconstructed $chiefNavigatorSinniSystemName on the navigation display, as it may have been billions of years ago.

The swollen giant contracts into a much smaller main-sequence star. Planetary orbits appear around it, overlaid against their present-day positions.

Sinni advances the model.

The primary begins to swell.

One of the inner planets disappears beneath its surface.","0:sinni_giant_star_explain:""What happened to it?""",Sinni stellar-system vignette dialogue.
chiefNavigatorSinniVignetteGiantStarExplain,ChiefNavigatorSinniVignette_sinni_giant_star_explain,,,"""The core ran low on hydrogen."" She brings up a cutaway of the stellar interior. ""Fusion moved outward into a shell. The core contracted.""

The outer layers expand.

""The envelope expanded.""

She advances the simulation again.

Another planet remains outside the star, but its estimated temperature climbs rapidly.","0:sinni_giant_star_changed:""So the whole system changed.""",Sinni stellar-system vignette dialogue.
chiefNavigatorSinniVignetteGiantStarChanged,ChiefNavigatorSinniVignette_sinni_giant_star_changed,,,"""Yes.""

Sinni overlays the old and present temperate zones. They barely overlap.

""Same planets. Same orbits, mostly.""

She looks through the command opticals toward the giant.

""Different sea.""","0:sinni_giant_star_color:""Why did it turn red?""
10:sinni_giant_star_next:""What happens next?""",Sinni stellar-system vignette dialogue.
chiefNavigatorSinniVignetteGiantStarColorOrangeGiant,ChiefNavigatorSinniVignette_sinni_giant_star_color,$chiefNavigatorSinniSystemSubtype == orange_giant,,"""Temperature.""

Sinni brings up the spectrum.

""The outer layers expanded, so the surface cooled.""

She glances toward the star.

""Orange, in this case.""","0:sinni_giant_star_next:""And after this?""",Sinni stellar-system vignette dialogue.
chiefNavigatorSinniVignetteGiantStarColorRedGiant,ChiefNavigatorSinniVignette_sinni_giant_star_color,$chiefNavigatorSinniSystemSubtype == red_giant,,"""Temperature.""

Sinni brings up the spectrum.

""The outer layers expanded, so the surface cooled.""

She glances toward the star.

""Red.""","0:sinni_giant_star_next:""And after this?""",Sinni stellar-system vignette dialogue.
chiefNavigatorSinniVignetteGiantStarNext,ChiefNavigatorSinniVignette_sinni_giant_star_next,,,"""For a star around this mass?""

Sinni advances the model. The outer layers drift away into space.

A small white point remains at the center.

""It sheds the envelope.""

She taps the remnant.

""Leaves the core behind.""","0:sinni_giant_star_white:""A white dwarf.""",Sinni stellar-system vignette dialogue.
chiefNavigatorSinniVignetteGiantStarWhite,ChiefNavigatorSinniVignette_sinni_giant_star_white,,,"""Eventually.""

She rewinds the model to the present.

The giant returns.","0:sinni_giant_star_middle:""We arrived somewhere in the middle.""",Sinni stellar-system vignette dialogue.
chiefNavigatorSinniVignetteGiantStarMiddle,ChiefNavigatorSinniVignette_sinni_giant_star_middle,,,"""Yes.""

Sinni looks out at it.

For once, she doesn't touch the controls.

[skill gained: changing seas: -1% survey cost.]",0:complete_giant_star:Continue.,Sinni stellar-system vignette dialogue.
chiefNavigatorSinniVignetteMassiveStarRedSupergiant,ChiefNavigatorSinniVignette_sinni_massive_star,$chiefNavigatorSinniSystemSubtype == red_supergiant,,"The star fills an alarming fraction of the command opticals.

Its surface is mottled and uneven, great structures boiling across it on scales large enough to swallow entire worlds.

Beside the observation feed, Sinni has placed a scale comparison. A yellow dwarf appears beside the star.

Then your fleet.

You lean closer.

The fleet is almost impossible to find.","0:sinni_massive_star_where:""Where are we?""",Sinni stellar-system vignette dialogue.
chiefNavigatorSinniVignetteMassiveStarBlueGiant,ChiefNavigatorSinniVignette_sinni_massive_star,$chiefNavigatorSinniSystemSubtype == blue_giant,,"Even through the automatic filters, the star burns white-blue.

Radiation warnings crowd one side of the navigation display while Sinni adjusts the fleet's safe approach envelope.

Beside the observation feed, Sinni has placed a scale comparison. A yellow dwarf appears beside the star.

Then your fleet.

You lean closer.

The fleet is almost impossible to find.","0:sinni_massive_star_where:""Where are we?""",Sinni stellar-system vignette dialogue.
chiefNavigatorSinniVignetteMassiveStarBlueSupergiant,ChiefNavigatorSinniVignette_sinni_massive_star,$chiefNavigatorSinniSystemSubtype == blue_supergiant,,"Even through the automatic filters, the star burns white-blue.

Radiation warnings crowd one side of the navigation display while Sinni adjusts the fleet's safe approach envelope.

Beside the observation feed, Sinni has placed a scale comparison. A yellow dwarf appears beside the star.

Then your fleet.

You lean closer.

The fleet is almost impossible to find.","0:sinni_massive_star_where:""Where are we?""",Sinni stellar-system vignette dialogue.
chiefNavigatorSinniVignetteMassiveStarWhere,ChiefNavigatorSinniVignette_sinni_massive_star_where,,,"Sinni points.

A speck.","0:sinni_massive_star_us:""That's us?""",Sinni stellar-system vignette dialogue.
chiefNavigatorSinniVignetteMassiveStarUs,ChiefNavigatorSinniVignette_sinni_massive_star_us,,,"""Yes.""

She zooms out.

The fleet disappears.","0:sinni_massive_star_mass:""How does a star get this large?""",Sinni stellar-system vignette dialogue.
chiefNavigatorSinniVignetteMassiveStarMass,ChiefNavigatorSinniVignette_sinni_massive_star_mass,,,"""Mass.""

Sinni brings up a model of the stellar interior.

""More mass means more pressure in the core.""

The fusion rate climbs.

""More pressure means faster fusion.""

She gestures toward the luminosity estimate.

""More energy. More light.""

The estimated lifetime appears beside it.

It is much shorter than you expected.","0:sinni_massive_star_short:""And a shorter life.""",Sinni stellar-system vignette dialogue.
chiefNavigatorSinniVignetteMassiveStarShortRedSupergiant,ChiefNavigatorSinniVignette_sinni_massive_star_short,$chiefNavigatorSinniSystemSubtype == red_supergiant,,"""Much shorter.""

She points toward the swollen outer envelope.

""This one is already late.""

""The core has moved on to heavier fuel. The outer layers expanded and cooled.""","0:sinni_massive_star_end:""What eventually kills it?""",Sinni stellar-system vignette dialogue.
chiefNavigatorSinniVignetteMassiveStarShortBlueGiant,ChiefNavigatorSinniVignette_sinni_massive_star_short,$chiefNavigatorSinniSystemSubtype == blue_giant,,"""Much shorter.""

She checks the radiation forecast.

""Hot enough to flood the system with ultraviolet.""

Another stellar-wind warning appears.

""And the wind isn't pleasant.""","0:sinni_massive_star_end:""What eventually kills it?""",Sinni stellar-system vignette dialogue.
chiefNavigatorSinniVignetteMassiveStarShortBlueSupergiant,ChiefNavigatorSinniVignette_sinni_massive_star_short,$chiefNavigatorSinniSystemSubtype == blue_supergiant,,"""Much shorter.""

She looks toward the brilliant star.

""Very massive. Very luminous.""

""It spends fuel at a rate smaller stars can't.""","0:sinni_massive_star_end:""What eventually kills it?""",Sinni stellar-system vignette dialogue.
chiefNavigatorSinniVignetteMassiveStarEnd,ChiefNavigatorSinniVignette_sinni_massive_star_end,,,"Sinni advances the stellar model.

Concentric layers appear inside the star.

""Massive stars keep finding new fuel.""

She points inward.

""Hydrogen. Helium. Carbon. Oxygen.""

More layers appear.

""Heavier elements.""

The sequence stops.

""Iron.""","0:sinni_massive_star_iron:""What's special about iron?""",Sinni stellar-system vignette dialogue.
chiefNavigatorSinniVignetteMassiveStarIron,ChiefNavigatorSinniVignette_sinni_massive_star_iron,,,"""Fusing it doesn't give the core more energy.""

The model holds for a moment.

Then collapses.

""So gravity wins.""

A shock front tears outward across the display.

You watch the simulated star come apart.","0:sinni_massive_star_supernova:""Supernova.""",Sinni stellar-system vignette dialogue.
chiefNavigatorSinniVignetteMassiveStarSupernova,ChiefNavigatorSinniVignette_sinni_massive_star_supernova,,,"""Yes.""

The simulation continues.

The expelled material spreads into the surrounding system.

Sinni watches it.","0:sinni_massive_star_shame:""Shame we won't be here for it.""",Sinni stellar-system vignette dialogue.
chiefNavigatorSinniVignetteMassiveStarShame,ChiefNavigatorSinniVignette_sinni_massive_star_shame,,,"Her eyes remain on the slowly expanding model.

After a moment, she returns it to the present.

The enormous star reappears.

""Still worth seeing now.""

[skill gained: changing seas: -1% survey cost.]",0:complete_giant_star:Continue.,Sinni stellar-system vignette dialogue.
chiefNavigatorSinniVignetteTrinary,ChiefNavigatorSinniVignette_sinni_trinary,,,"You arrive at the navigation hub in the middle of an argument.

Your former chief navigator is standing over the plotting table, the elderly woman's face red with frustration, while Sinni sits opposite her, one leg folded beneath her, tea in one hand and snacks in the other.

Enya has a cup and plate of snacks too, but both remain untouched. Between them hangs a model of the system.",0:chief_navigator_auto_page_chief_navigator_sinni_vignette_trinary_2:Continue.,Sinni stellar-system vignette dialogue. Auto-paged 1/3.
chiefNavigatorSinniVignetteTrinaryPage2,ChiefNavigatorSinniVignette_chief_navigator_auto_page_chief_navigator_sinni_vignette_trinary_2,,,"Three suns move around a common center of mass, their projected paths twisting through one another like some elaborate piece of clockwork.

Your previous chief navigator points toward a highlighted trajectory.

""I followed procedure. Done this maneuver a thousand times.""

Sinni takes a sip.

""Understood.""",0:chief_navigator_auto_page_chief_navigator_sinni_vignette_trinary_3:Continue.,Automatic runtime continuation 2/3 for chiefNavigatorSinniVignetteTrinary.
chiefNavigatorSinniVignetteTrinaryPage3,ChiefNavigatorSinniVignette_chief_navigator_auto_page_chief_navigator_sinni_vignette_trinary_3,,,"""Current ephemerides. Domain-standard propagation. Twelve percent reserve on drive-field tolerance.""

""Understood.""

The old navigator's jaw tightens.

""Then... 'Chief Navigator'. What exactly is wrong with it?""","0:sinni_trinary_problem:""I'd also like to know.""
10:sinni_trinary_getting_along:""Enya, Sinni is your ranking officer. Treat her like it.""
20:sinni_trinary_problem_silent:Let Sinni answer.",Automatic runtime continuation 3/3 for chiefNavigatorSinniVignetteTrinary.
chiefNavigatorSinniVignetteTrinaryProblemSilent,ChiefNavigatorSinniVignette_sinni_trinary_problem_silent,,FireAll ChiefNavigatorSinniVignette_sinni_trinary_problem,,,Unique option ID for an authored converging response.
chiefNavigatorSinniVignetteTrinaryGettingAlong,ChiefNavigatorSinniVignette_sinni_trinary_getting_along,,,"""Sir,"" your former navigator says flatly.

A pause.

""Apo... logies.""

""Mm."" Sinni nods.","0:sinni_trinary_problem:""Right. What's wrong with the route?""",Sinni stellar-system vignette dialogue.
chiefNavigatorSinniVignetteTrinaryProblem,ChiefNavigatorSinniVignette_sinni_trinary_problem,,,"Sinni reaches across the table. The approved navigation solution shrinks to one side. Another set of trajectories appears beside it.

They look almost identical.

Almost.","0:sinni_trinary_custom:""What's that?""",Sinni stellar-system vignette dialogue.
chiefNavigatorSinniVignetteTrinaryCustom,ChiefNavigatorSinniVignette_sinni_trinary_custom,,,"""My simulation.""

Your former navigator looks at her.

""Your what?""

""A propagator.""

Sinni expands a block of equations.

Then another. Then several pages of numerical output.

Enya stares at them.

""This is a three-body solver?""

""Yes.""

A pause from Sinni.

""I wrote this one.""","0:sinni_trinary_why:""Why?""",Sinni stellar-system vignette dialogue.
chiefNavigatorSinniVignetteTrinaryWhy,ChiefNavigatorSinniVignette_sinni_trinary_why,,,"Enya leans closer.

""What did you change?""

Sinni closes most of the trajectory equations. Another model opens underneath them.

Fluid cells spread across all three stellar bodies, each sun subtly deforming under the gravity of the other two.

""Navier-Stokes-Garcia. I've modified the inputs to the equations.""

Enya's expression changes slightly.","0:sinni_trinary_garcia:""The fluid model?""
10:sinni_trinary_garcia_silent:Let Enya follow.",Sinni stellar-system vignette dialogue.
chiefNavigatorSinniVignetteTrinaryGarciaSilent,ChiefNavigatorSinniVignette_sinni_trinary_garcia_silent,,FireAll ChiefNavigatorSinniVignette_sinni_trinary_garcia,,,Unique option ID for an authored converging response.
chiefNavigatorSinniVignetteTrinaryGarcia,ChiefNavigatorSinniVignette_sinni_trinary_garcia,,,"Sinni nods.

""Garcia applies the relativistic correction after the fluid step.""

Enya folds her arms.

""Of course. The difference is negligible.""

""For most problems, yes. But for here...""

Sinni opens her version beside the standard model.

""In a three-body system, it doesn't stay negligible.""","0:sinni_trinary_relativity:""So you took relativity into account earlier.""
10:sinni_trinary_relativity_lost:""I'm lost.""
20:sinni_trinary_relativity_groan:Groan and rub your head. It hurts even looking at these equations.",Sinni stellar-system vignette dialogue.
chiefNavigatorSinniVignetteTrinaryRelativityLost,ChiefNavigatorSinniVignette_sinni_trinary_relativity_lost,,FireAll ChiefNavigatorSinniVignette_sinni_trinary_relativity,,,Unique option ID for an authored converging response.
chiefNavigatorSinniVignetteTrinaryRelativityGroan,ChiefNavigatorSinniVignette_sinni_trinary_relativity_groan,,FireAll ChiefNavigatorSinniVignette_sinni_trinary_relativity,,,Unique option ID for an authored converging response.
chiefNavigatorSinniVignetteTrinaryRelativity,ChiefNavigatorSinniVignette_sinni_trinary_relativity,,,"Sinni advances both models.

At first, the three stars look identical in each. But then, the inner pair make a close passage. Their outer envelopes deform.

The difference is impossible to see until Sinni magnifies it.

""Relativity changes the pressure gradient.""

Another timestep.

""That changes the flow.""

Another.

""The next step starts from a different star.""

Enya has stopped looking angry. The old woman steps closer to the display.","0:sinni_trinary_gravity:""And that changes our route?""",Sinni stellar-system vignette dialogue.
chiefNavigatorSinniVignetteTrinaryGravity,ChiefNavigatorSinniVignette_sinni_trinary_gravity,,,"Sinni overlays the stars' mass distributions.

The difference looks trivial. Then she overlays their gravitational fields. Three immensely deep wells appear, moving around one another.

The divergence accelerates.","0:sinni_trinary_difference:""That's a pretty big difference.""",Sinni stellar-system vignette dialogue.
chiefNavigatorSinniVignetteTrinaryDifference,ChiefNavigatorSinniVignette_sinni_trinary_difference,,,"""Yes.""

Sinni points toward the old solution.

""Because it puts us here.""

Then to hers.

""We would actually be here.""

The two markers are separated by an uncomfortable distance.

""It's safer too,"" Enya mutters. ""We'd miss the worst of the stellar turbulence by almost four hundred hours.""

The redness has gone from the elderly woman's face.","0:sinni_trinary_bad:""When did you write this?""",Sinni stellar-system vignette dialogue.
chiefNavigatorSinniVignetteTrinaryBad,ChiefNavigatorSinniVignette_sinni_trinary_bad,,,"""When this humble navigator did her thesis at Eventide."" Sinni bows her head. ""Celestial physics. I enjoyed it.""

Enya stares at her. A look of resignation spreads across the Lieutenant's face.

Sinni reaches for a snack.","0:sinni_trinary_old_nav:""Of course you did.""",Sinni stellar-system vignette dialogue.
chiefNavigatorSinniVignetteTrinaryOldNav,ChiefNavigatorSinniVignette_sinni_trinary_old_nav,,,"Your former chief navigator looks back at the approved route. Then at the one Sinni calculated.

Enya is silent for several seconds.

Then she deletes her route.","0:sinni_trinary_no_argument:""That's it? No argument?""",Sinni stellar-system vignette dialogue.
chiefNavigatorSinniVignetteTrinaryNoArgument,ChiefNavigatorSinniVignette_sinni_trinary_no_argument,,,"Enya gives you an irritated look.

""Changing course, commander.""

She gestures toward Sinni's calculations.

""I'm not stupid. I know when someone's better once I see it.""

Sinni lowers her cup slightly.

""I am not your better, Lieutenant Commander.""

Sinni gestures toward the two routes.

""Just the route.""

""Hmph."" Enya grumbles.

Sinni gets up from her seat and raises her wide canton sleeves, bowing her head deeply.

""I look forward to continuing to learn from you, Lieutenant Commander. Senior partner.""","0:sinni_trinary_replaced:""You could learn a thing or two as well, Enya.""
10:sinni_trinary_both:""Good work. Both of you.""
20:sinni_trinary_math:""I understood none of that.""",Sinni stellar-system vignette dialogue.
chiefNavigatorSinniVignetteTrinaryReplaced,ChiefNavigatorSinniVignette_sinni_trinary_replaced,,FireAll ChiefNavigatorSinniVignette_sinni_trinary_end,"Enya scowls, rolling her eyes.

""Kid, I liked you better before this new Chief Nav got here.""

Sinni takes another sip.

""Mm.""",,Sinni stellar-system vignette dialogue.
chiefNavigatorSinniVignetteTrinaryBoth,ChiefNavigatorSinniVignette_sinni_trinary_both,,FireAll ChiefNavigatorSinniVignette_sinni_trinary_end,"Enya shrugs.

Sinni inclines her head.

Neither says anything else.",,Sinni stellar-system vignette dialogue.
chiefNavigatorSinniVignetteTrinaryMath,ChiefNavigatorSinniVignette_sinni_trinary_math,,FireAll ChiefNavigatorSinniVignette_sinni_trinary_end,"Sinni looks at you.

""Three suns.""

She points toward the old route.

""Official math.""

Then toward hers.

""Optimized.""",,Sinni stellar-system vignette dialogue.
chiefNavigatorSinniVignetteTrinaryEnd,ChiefNavigatorSinniVignette_sinni_trinary_end,,,"The corrected route propagates across the fleet.

Acknowledgement pings from the other ships' navigators flicker on the nav console. Outside the command opticals, three suns continue their slow dance around one another.

Enya gathers her dataslate.

Before leaving, she glances once more at Sinni's equations.

""Send me the source, Chief Nav.""

Sinni bows her head again.

""Of course, Lieutenant Commander.""

Enya looks down, picks up the plate of snacks and stomps out of the room.

Sinni watches her go, then locks eyes with you.

She then reaches across the table to take Enya's untouched cup of tea.",0:complete_trinary:Continue.,Sinni stellar-system vignette dialogue.
chiefNavigatorSinniVignetteAllTypesComplete,ChiefNavigatorSinniVignette_sinni_all_types_complete,,,"Later, you find Sinni at the navigation hub.

Her personal chart is open on the console.

Nebula.

Black hole.

Neutron star.

Brown dwarf.

White dwarf.

Main-sequence star.

Giant star.

Trinary system.

Beside each entry is a system name, a date, and a small link to her personal logs.

Sinni adds the last one.

She stares at the completed list for a while.","0:sinni_all_types_all:""That's all of them.""
10:sinni_all_types_finished:""You finally finished it.""
20:sinni_all_types_silent:Say nothing.",Sinni stellar-system vignette dialogue.
chiefNavigatorSinniVignetteAllTypesAll,ChiefNavigatorSinniVignette_sinni_all_types_all,,,"""Yes.""

Sinni looks over the list again.","0:sinni_all_types_happy:""Happy?""",Sinni stellar-system vignette dialogue.
chiefNavigatorSinniVignetteAllTypesFinished,ChiefNavigatorSinniVignette_sinni_all_types_finished,,,"""Mm.""

She runs a finger down the entries.

""Every kind I wanted.""","0:sinni_all_types_happy:""Happy?""",Sinni stellar-system vignette dialogue.
chiefNavigatorSinniVignetteAllTypesSilent,ChiefNavigatorSinniVignette_sinni_all_types_silent,,,"You remain beside her.

After a while, Sinni speaks.

""Done.""

There is unmistakable satisfaction in her voice.","0:sinni_all_types_happy:""Happy?""",Sinni stellar-system vignette dialogue.
chiefNavigatorSinniVignetteAllTypesHappy,ChiefNavigatorSinniVignette_sinni_all_types_happy,,,"""Very.""

She says it immediately.

Then she looks at you.

The silence that follows lasts long enough to become slightly awkward.","0:sinni_all_types_thanks:""You're welcome.""
10:sinni_all_types_thanks_2:""You can just say thank you, Sinni.""
20:sinni_all_types_worth:""Worth the detour?""",Sinni stellar-system vignette dialogue.
chiefNavigatorSinniVignetteAllTypesThanksAlias,ChiefNavigatorSinniVignette_sinni_all_types_thanks_2,,FireAll ChiefNavigatorSinniVignette_sinni_all_types_thanks,,,Unique option ID for an authored converging response.
chiefNavigatorSinniVignetteAllTypesThanks,ChiefNavigatorSinniVignette_sinni_all_types_thanks,,,"Sinni turns toward you and clasps her hands before her.

Then she bows deeply.

""$chiefNavigatorSinniPlayerTitle... my deepest gratitude.""

A pause.

""For all of them.""

She raises her head.

""It has been my honor to be in your service.""","0:sinni_all_types_end:""Then what's next?""",Sinni stellar-system vignette dialogue.
chiefNavigatorSinniVignetteAllTypesWorth,ChiefNavigatorSinniVignette_sinni_all_types_worth,,,"""Yes.""

No hesitation.

She looks toward the final entry.

""Very.""","0:sinni_all_types_end:""Then what's next?""",Sinni stellar-system vignette dialogue.
chiefNavigatorSinniVignetteAllTypesEnd,ChiefNavigatorSinniVignette_sinni_all_types_end,,FireAll ChiefNavigatorSinniVignette_sinni_all_types_end_options,"""Next...""

Sinni hesitates.

Then she looks back at the chart.

""I'd like to explore more. By your will, of course.""

She runs a finger over the list.

""Every system is different. Every star. Even two of the same kind aren't the same place.""

Her gaze drifts toward the command opticals.

""Then... I'd like to go beyond the Sector.""

A pause.

""New lands.""",,Sinni stellar-system vignette dialogue.
chiefNavigatorSinniVignetteAllTypesEndOptions,ChiefNavigatorSinniVignette_sinni_all_types_end_options,,,,"0:sinni_explore:""I want to see that too.""
20:sinni_fob_ithaca:""There's the Orion Knot. We'll figure out its secrets.""
30:sinni_stay:""First, we have work to do in the Persean Sector.""",Ordinary completion responses.
chiefNavigatorSinniVignetteAllTypesEndSecret,ChiefNavigatorSinniVignette_sinni_all_types_end_options,$chiefNavigatorSinniDevouredRingPathKnown == true,,,"10:sinni_explore_2:""Beyond even the Orion Knot. We'll see the entire universe. (Sinni Story Quest Completed).""",Secret response available only after recovering the Devoured Ring route information; never advertised by Intel.
chiefNavigatorSinniVignetteExplore,ChiefNavigatorSinniVignette_sinni_explore,,FireAll ChiefNavigatorSinniVignette_sinni_all_types_close,"Sinni's expression brightens.

Not dramatically. With her, it never is.

But the slightest of smiles stays.

""Then I hope to remain your navigator for a long time.""

She looks back toward the command opticals.

""There are still many systems in the Sector I have never seen.""

A pause.

""And after those...""

She leaves the sentence unfinished.",,Sinni stellar-system vignette dialogue.
chiefNavigatorSinniVignetteExplore2,ChiefNavigatorSinniVignette_sinni_explore_2,,FireAll ChiefNavigatorSinniVignette_sinni_all_types_close,"You can't see Sinni's face.

Then there is a blur of brown and silver that lurches toward you.

Sinni's wide sleeves envelop your head. You can't see, you can barely hear... all you can sense is the smell of osmanthus.

""Captain... thank you.""

When she pulls back, you swear you catch the flash of a wide, genuine smile.

And then Sinni is back to clasping her hands, her face passive.",,Sinni stellar-system vignette dialogue.
chiefNavigatorSinniVignetteFobIthaca,ChiefNavigatorSinniVignette_sinni_fob_ithaca,,,"Sinni nods.

""The Orion Knot.""

The completed chart disappears.

In its place, another opens.

Old.

Very old.

Hundreds of navigational fixes trace a broken path away from the Persean Sector, scattered across hyperspace like breadcrumbs.",0:chief_navigator_auto_page_chief_navigator_sinni_vignette_fob_ithaca_2:Continue.,Sinni stellar-system vignette dialogue. Auto-paged 1/2.
chiefNavigatorSinniVignetteFobIthacaPage2,ChiefNavigatorSinniVignette_chief_navigator_auto_page_chief_navigator_sinni_vignette_fob_ithaca_2,,,"You have seen this chart before.

Helen's route.

Sinni runs two fingers along the line.

""She sailed it the other way.""

The path terminates at a point far beyond the Sector.

FOB ITHACA.

Sinni studies the name.","0:sinni_fob_ithaca_2:""And we'd be following her route home.""",Automatic runtime continuation 2/2 for chiefNavigatorSinniVignetteFobIthaca.
chiefNavigatorSinniVignetteFobIthaca2,ChiefNavigatorSinniVignette_sinni_fob_ithaca_2,,FireAll ChiefNavigatorSinniVignette_sinni_fob_ithaca_4,"""In her footsteps. Backwards through time.""

Sinni traces the route toward Ithaca.

A faint smile.

""I like that.""",,Sinni stellar-system vignette dialogue.
chiefNavigatorSinniVignetteFobIthaca4,ChiefNavigatorSinniVignette_sinni_fob_ithaca_4,,FireAll ChiefNavigatorSinniVignette_sinni_all_types_close,"She zooms in on the first surviving point along the route.

The Orion Knot.

For a moment, all trace of her earlier relaxation is gone.

Your chief navigator is back at work.

""I'll prepare the passage.""",,Sinni stellar-system vignette dialogue.
chiefNavigatorSinniVignetteStay,ChiefNavigatorSinniVignette_sinni_stay,,FireAll ChiefNavigatorSinniVignette_sinni_all_types_close,"""Of course.""

There is no disappointment in her voice.

Sinni looks back toward the completed chart.

A pause.

""We have time.""",,Sinni stellar-system vignette dialogue.
chiefNavigatorSinniVignetteAllTypesClose,ChiefNavigatorSinniVignette_sinni_all_types_close,,,"Sinni closes the chart.

Then, after a moment, opens it again.

You pretend not to notice.

[Quest completed: ONE MORE HORIZON]

[Reward gained: +2 Burn speed cap; +1 base Burn level.]",0:complete_one_more_horizon:Continue.,Sinni stellar-system vignette dialogue.
chiefNavigatorSinniVignetteNebulaNavigate,ChiefNavigatorSinniVignette_sinni_nebula_navigate,,,"""The sea. This.""

She indicates a series of faint lines.

""Velocity. Gravity. Time.""

Another bank of dust rolls across the enhanced opticals, swallowing several distant stars.

""We stride forward by the last light in our path.""

+[skill gained: nebula plotting: -1% sensor profile.]",100:complete_nebula:Continue.,Sinni stellar-system vignette dialogue.
chiefNavigatorSinniVignetteBlackHoleFarSide,ChiefNavigatorSinniVignette_sinni_black_hole_far_side,,,"""Behind it.""

She traces the arc with one finger.

""Gravity bends the light around the hole before it reaches us.""

Her finger moves toward the thin bands crowded against the shadow.

""Those are the disk too.""","0:sinni_black_hole_again:""Again?""",Sinni stellar-system vignette dialogue.
chiefNavigatorSinniVignetteBlackHoleAgain,ChiefNavigatorSinniVignette_sinni_black_hole_again,,,"""Again.""

Sinni enlarges the innermost rings.

""Some photons go most of the way around before escaping. Some go around more than once.""

The bands compress toward the shadow until they are almost too thin to distinguish.

""Every orbit gives us another image.""","0:sinni_black_hole_several:""So we're seeing several sides of the disk at once.""",Sinni stellar-system vignette dialogue.
chiefNavigatorSinniVignetteBlackHoleSeveral,ChiefNavigatorSinniVignette_sinni_black_hole_several,,,"""Yes.""

Sinni looks toward the observation feed.

""Space doesn't care which direction you think something should be.""","0:sinni_black_hole_shadow:""And the black part?""",Sinni stellar-system vignette dialogue.
chiefNavigatorSinniVignetteBlackHoleShadow,ChiefNavigatorSinniVignette_sinni_black_hole_shadow,,,"""Not the hole.""

Sinni points toward the darkness in the center.

""The event horizon is smaller. That's the shadow.""

She draws a smaller circle within it.

""Light can pass much closer than this and still escape. Closer than that, it can orbit the hole.""

Her finger moves inward.

""Closer still...""

She lets her hand fall.

""It doesn't come back.""","0:sinni_black_hole_spin:""Why isn't the shadow round?""
10:sinni_black_hole_beaming:""Why is one side of the disk brighter?""",Sinni stellar-system vignette dialogue.
chiefNavigatorSinniVignetteBlackHoleSpin,ChiefNavigatorSinniVignette_sinni_black_hole_spin,,,"""Spin.""

Sinni enlarges the image.

""This one is rotating quickly.""

She traces the flattened side of the shadow.

""Spacetime gets dragged around with it. Light moving with the rotation can orbit closer. Light fighting against it has to stay farther out.""","0:sinni_black_hole_spin_2:""So the hole drags space with it.""",Sinni stellar-system vignette dialogue.
chiefNavigatorSinniVignetteBlackHoleSpin2,ChiefNavigatorSinniVignette_sinni_black_hole_spin_2,,,"""Yes.""

Sinni seems pleased.

""The sea has a current.""","0:sinni_black_hole_beaming:""And the bright side?""",Sinni stellar-system vignette dialogue.
chiefNavigatorSinniVignetteBlackHoleBeaming,ChiefNavigatorSinniVignette_sinni_black_hole_beaming,,,"Sinni points toward the brighter edge of the accretion disk.

""That side is coming toward us.""

Then toward the dimmer side.

""That side is moving away.""","0:sinni_black_hole_beaming_2:""That makes this much of a difference?""",Sinni stellar-system vignette dialogue.
chiefNavigatorSinniVignetteBlackHoleBeaming2,ChiefNavigatorSinniVignette_sinni_black_hole_beaming_2,,,"""At this speed.""

She brings up an estimate of the disk's orbital velocity.

A substantial fraction of light speed.

""Relativistic beaming. The approaching side gets brighter. The receding side gets dimmer.""

She dismisses the figures.

""The whole thing is moving much faster than it looks.""","0:sinni_black_hole_actual:""So this is what a black hole actually looks like.""",Sinni stellar-system vignette dialogue.
chiefNavigatorSinniVignetteBrownDwarf,ChiefNavigatorSinniVignette_sinni_brown_dwarf,,,"The primary of $chiefNavigatorSinniSystemName is barely visible through the bridge glass.

On the navigation display, Sinni has surrounded it with enough sensor annotations to obscure half the system.

Infrared emissions.

Magnetic-field estimates.

Mass calculations.

Orbital perturbations.","0:sinni_brown_dwarf_find:""Having trouble finding the star?""",Sinni stellar-system vignette dialogue.
chiefNavigatorSinniVignetteBrownDwarfFind,ChiefNavigatorSinniVignette_sinni_brown_dwarf_find,,,"""I found it.""

She points through the observation window.

""That's it.""","0:sinni_brown_dwarf_star:""Hardly looks like a star.""",Sinni stellar-system vignette dialogue.
chiefNavigatorSinniVignetteBrownDwarfStar,ChiefNavigatorSinniVignette_sinni_brown_dwarf_star,,,"""It isn't.""

A pause.

""Mostly.""","0:sinni_brown_dwarf_failed:""Failed star?""",Sinni stellar-system vignette dialogue.
chiefNavigatorSinniVignetteBrownDwarfFailed,ChiefNavigatorSinniVignette_sinni_brown_dwarf_failed,,,"""No.""

The correction comes immediately.

""Too light to sustain ordinary hydrogen fusion.""

Sinni enlarges the dim primary.

""Too massive to really be a planet. Some burn deuterium for a while.""

She removes the infrared enhancement.

The object nearly vanishes.","0:sinni_brown_dwarf_call:""Then what do you call it?""",Sinni stellar-system vignette dialogue.
chiefNavigatorSinniVignetteBrownDwarfCall,ChiefNavigatorSinniVignette_sinni_brown_dwarf_call,,,"""A poor light.""

Sinni studies the almost invisible object.

""There could be a lot of these between the stars. You wouldn't see most of them from far away.""","0:sinni_brown_dwarf_hard:""You like things that are hard to find.""",Sinni stellar-system vignette dialogue.
chiefNavigatorSinniVignetteBrownDwarfHard,ChiefNavigatorSinniVignette_sinni_brown_dwarf_hard,,,"""Yes.""

That answer required no consideration at all.

She looks back toward the dim primary.

""Poor lights matter most on dark water.""

+[skill gained: poor-light navigation: -1% fuel use.]",100:complete_brown_dwarf:Continue.,Sinni stellar-system vignette dialogue.
chiefNavigatorSinniVignetteLastRequest,ChiefNavigatorSinniVignette_sinni_last_request,,,"The navigation briefing ends.

Officers collect their slates and filter out of the command center.

Sinni remains.

You review the last of the supply projections.

She is still there.

You look up.","0:sinni_last_request_2:""Something else?""",Sinni stellar-system vignette dialogue.
chiefNavigatorSinniVignetteLastRequest2,ChiefNavigatorSinniVignette_sinni_last_request_2,,,"""Yes.""

She does not immediately continue.

That alone is unusual.

Finally, Sinni steps forward and places her slate on the table.

A map of the Persean Sector appears.

Across it are marks for every kind of stellar system Sinni could find in the generated Sector.

All but one have been checked.

One has not.

$chiefNavigatorSinniMissingType.","0:sinni_last_request_list:""You've been keeping a list.""",Sinni stellar-system vignette dialogue.
chiefNavigatorSinniVignetteLastRequestList,ChiefNavigatorSinniVignette_sinni_last_request_list,,,"""Yes.""","0:sinni_last_request_since:""Since when?""",Sinni stellar-system vignette dialogue.
chiefNavigatorSinniVignetteLastRequestSince,ChiefNavigatorSinniVignette_sinni_last_request_since,,,"""Since I joined you.""

She expands the map.

Names and dates appear beside the completed marks.

One example of each kind that actually exists within the charted Sector.","0:sinni_last_request_chart:""Your own chart.""",Sinni stellar-system vignette dialogue.
chiefNavigatorSinniVignetteLastRequestChart,ChiefNavigatorSinniVignette_sinni_last_request_chart,,,"""Yes.""

She looks over the completed entries.

""Almost.""","0:sinni_last_request_missing:""We're missing one.""",Sinni stellar-system vignette dialogue.
chiefNavigatorSinniVignetteLastRequestMissing,ChiefNavigatorSinniVignette_sinni_last_request_missing,,,"""Yes.""

The map shifts.

Far from your present position, another system begins blinking.

$chiefNavigatorSinniMissingSystem.

""The closest $chiefNavigatorSinniMissingType I could find.""

You inspect the proposed route.

It is nowhere near anything useful.","0:sinni_last_request_distance:""That's $chiefNavigatorSinniMissingDistance light-years away.""",Sinni stellar-system vignette dialogue.
chiefNavigatorSinniVignetteLastRequestDistance,ChiefNavigatorSinniVignette_sinni_last_request_distance,,,"""Yes.""","0:sinni_last_request_anything:""Anything else there?""",Sinni stellar-system vignette dialogue.
chiefNavigatorSinniVignetteLastRequestAnything,ChiefNavigatorSinniVignette_sinni_last_request_anything,,,"""I don't know.""","0:sinni_last_request_survey:""Survey prospects?""
10:sinni_last_request_salvage:""Salvage?""
20:sinni_last_request_bounties:""Bounties?""
30:sinni_last_request_need:""Anything we actually need?""",Sinni stellar-system vignette dialogue.
chiefNavigatorSinniVignetteLastRequestSurvey,ChiefNavigatorSinniVignette_sinni_last_request_survey,,,"""Probably.""","0:sinni_last_request_anything_2:""Anything else?""",Sinni stellar-system vignette dialogue.
chiefNavigatorSinniVignetteLastRequestSalvage,ChiefNavigatorSinniVignette_sinni_last_request_salvage,,,"""Maybe.""","0:sinni_last_request_anything_2:""Anything else?""",Sinni stellar-system vignette dialogue.
chiefNavigatorSinniVignetteLastRequestBounties,ChiefNavigatorSinniVignette_sinni_last_request_bounties,,,"""No.""","0:sinni_last_request_anything_2:""Anything else?""",Sinni stellar-system vignette dialogue.
chiefNavigatorSinniVignetteLastRequestNeed,ChiefNavigatorSinniVignette_sinni_last_request_need,,FireAll ChiefNavigatorSinniVignette_sinni_last_request_why_setup,"""No.""",,Sinni stellar-system vignette dialogue.
chiefNavigatorSinniVignetteLastRequestAnything2,ChiefNavigatorSinniVignette_sinni_last_request_anything_2,,,Sinni waits.,"0:sinni_last_request_need:""Anything we actually need?""",Sinni stellar-system vignette dialogue.
chiefNavigatorSinniVignetteLastRequestWhySetup,ChiefNavigatorSinniVignette_sinni_last_request_why_setup,,,"Sinni makes no attempt to improve the case.

The marker continues blinking in an otherwise empty reach of the chart.","0:sinni_last_request_why:""Then why are you showing me?""",Sinni stellar-system vignette dialogue.
chiefNavigatorSinniVignetteLastRequestWhy,ChiefNavigatorSinniVignette_sinni_last_request_why,,,"Sinni looks down.

Her finger traces the route from the fleet to $chiefNavigatorSinniMissingSystem.

For once, there is no useful current to ride.

No convenient port along the way.

No gravity assist that makes the journey clever.

No hyperspace weather that turns it into the sensible route.

When she speaks, her voice is quiet.

""I want to see it.""

There it is.

No argument about survey data.

No professional justification.

Just a request.","0:sinni_last_request_finish:""You want to finish the chart.""
10:sinni_last_request_merit:""There's exploration merit in an unsurveyed system.""
20:sinni_last_request_badly:""How badly?""",Sinni stellar-system vignette dialogue.
chiefNavigatorSinniVignetteLastRequestFinish,ChiefNavigatorSinniVignette_sinni_last_request_finish,,,"""Yes.""

Sinni looks over the marked categories.

""One mark left.""","0:sinni_last_request_landfall:""And you want to make landfall.""",Sinni stellar-system vignette dialogue.
chiefNavigatorSinniVignetteLastRequestLandfall,ChiefNavigatorSinniVignette_sinni_last_request_landfall,,FireAll ChiefNavigatorSinniVignette_sinni_last_request_decision,"""Yes.""

A pause.

""Just once.""",,Sinni stellar-system vignette dialogue.
chiefNavigatorSinniVignetteLastRequestMerit,ChiefNavigatorSinniVignette_sinni_last_request_merit,,,"""There is.""","0:sinni_last_request_merit_2:""So we have a perfectly respectable operational justification.""",Sinni stellar-system vignette dialogue.
chiefNavigatorSinniVignetteLastRequestMerit2,ChiefNavigatorSinniVignette_sinni_last_request_merit_2,,,"Sinni looks at you.

""That's not why I'm asking.""","0:sinni_last_request_merit_3:""I know. It's why I can justify saying yes.""",Sinni stellar-system vignette dialogue.
chiefNavigatorSinniVignetteLastRequestMerit3,ChiefNavigatorSinniVignette_sinni_last_request_merit_3,,FireAll ChiefNavigatorSinniVignette_sinni_last_request_decision,"She considers this.

""That's your logbook.""

A pause.

""Not mine.""",,Sinni stellar-system vignette dialogue.
chiefNavigatorSinniVignetteLastRequestBadly,ChiefNavigatorSinniVignette_sinni_last_request_badly,,FireAll ChiefNavigatorSinniVignette_sinni_last_request_decision,"Sinni looks back toward the lonely marker.

For several seconds, she says nothing.

Then:

""Enough to ask.""",,Sinni stellar-system vignette dialogue.
chiefNavigatorSinniVignetteLastRequestDecision,ChiefNavigatorSinniVignette_sinni_last_request_decision,,,"The chart waits between you.

One distant system.

A long stretch of open sea.","0:sinni_last_request_accept:""Plot the course.""
100:sinni_last_request_later:""Not now.""",Sinni stellar-system vignette dialogue.
chiefNavigatorSinniVignetteLastRequestAccept,ChiefNavigatorSinniVignette_sinni_last_request_accept,,,"For the first time since opening the map, Sinni looks directly at you.

""Really?""","0:sinni_last_request_accept_2:""You asked.""
10:sinni_last_request_accept_3:""We're explorers. Sometimes that's enough.""
20:sinni_last_request_accept_4:""One mark left.""",Sinni stellar-system vignette dialogue.
chiefNavigatorSinniVignetteLastRequestAccept2,ChiefNavigatorSinniVignette_sinni_last_request_accept_2,,FireAll ChiefNavigatorSinniVignette_sinni_last_request_started,"""Yes.""

She takes back the slate.

The hesitation disappears.

A route begins drawing itself across the Sector.",,Sinni stellar-system vignette dialogue.
chiefNavigatorSinniVignetteLastRequestAccept3,ChiefNavigatorSinniVignette_sinni_last_request_accept_3,,FireAll ChiefNavigatorSinniVignette_sinni_last_request_started,"Sinni considers that.

""Sometimes.""

She takes back the slate.

""Good.""

The first leg of the route appears.",,Sinni stellar-system vignette dialogue.
chiefNavigatorSinniVignetteLastRequestAccept4,ChiefNavigatorSinniVignette_sinni_last_request_accept_4,,FireAll ChiefNavigatorSinniVignette_sinni_last_request_started,"Sinni looks at you for another moment.

Then at the chart.

""One.""

She takes back the slate.",,Sinni stellar-system vignette dialogue.
chiefNavigatorSinniVignetteLastRequestStarted,ChiefNavigatorSinniVignette_sinni_last_request_started,,,"The course stretches across the Sector map.

It is long.

It is unnecessary.

Sinni studies it.

Then she nudges the first leg sideways.

A hyperspace current clips the new trajectory.

Projected fuel expenditure drops by less than one percent.

Of course.

She checks the route one final time.

""Fair winds.""

[Objective updated: ONE MORE HORIZON]

[Travel to $chiefNavigatorSinniMissingSystem and visit its $chiefNavigatorSinniMissingType.]",100:accept_last_request:Continue.,Sinni stellar-system vignette dialogue.
chiefNavigatorSinniVignetteLastRequestLater,ChiefNavigatorSinniVignette_sinni_last_request_later,,,"""All right.""

Sinni closes the map.

There is no complaint in her voice.

No argument.

No attempt to make the journey sound more important than it is.

She picks up her slate.","0:sinni_last_request_later_2:""Sinni.""",Sinni stellar-system vignette dialogue.
chiefNavigatorSinniVignetteLastRequestLater2,ChiefNavigatorSinniVignette_sinni_last_request_later_2,,,She stops.,"0:sinni_last_request_later_3:""Keep the coordinates.""",Sinni stellar-system vignette dialogue.
chiefNavigatorSinniVignetteLastRequestLater3,ChiefNavigatorSinniVignette_sinni_last_request_later_3,,,"""I will.""

Of course she will.",100:defer_last_request:Continue.,Sinni stellar-system vignette dialogue.
chiefNavigatorSinniVignetteCompleteAlphaOdyssey,ChiefNavigatorSinniVignette_complete_alpha_odyssey,,DismissDialog,,,Runtime completion endpoint for the one-time Alpha Odyssey arrival.
chiefNavigatorSinniVignetteCompleteNebula,ChiefNavigatorSinniVignette_complete_nebula,,DismissDialog,,,Runtime completion endpoint for the Nebula category.
chiefNavigatorSinniVignetteCompleteBlackHole,ChiefNavigatorSinniVignette_complete_black_hole,,DismissDialog,,,Runtime completion endpoint for the Black Hole category and its mastery reward.
chiefNavigatorSinniVignetteCompleteNeutronStar,ChiefNavigatorSinniVignette_complete_neutron_star,,DismissDialog,,,Runtime completion endpoint for the Neutron Star category.
chiefNavigatorSinniVignetteCompleteBrownDwarf,ChiefNavigatorSinniVignette_complete_brown_dwarf,,DismissDialog,,,Runtime completion endpoint for the Brown Dwarf category.
chiefNavigatorSinniVignetteCompleteWhiteDwarf,ChiefNavigatorSinniVignette_complete_white_dwarf,,DismissDialog,,,Runtime completion endpoint for the White Dwarf category.
chiefNavigatorSinniVignetteCompleteMainSequence,ChiefNavigatorSinniVignette_complete_main_sequence,,DismissDialog,,,Runtime completion endpoint for the Main-Sequence Star category.
chiefNavigatorSinniVignetteCompleteGiantStar,ChiefNavigatorSinniVignette_complete_giant_star,,DismissDialog,,,Runtime completion endpoint shared by giant and massive stars.
chiefNavigatorSinniVignetteCompleteMassiveStar,ChiefNavigatorSinniVignette_complete_massive_star,,DismissDialog,,,Legacy runtime endpoint retained for saves from the separate Massive Star category.
chiefNavigatorSinniVignetteCompleteTrinary,ChiefNavigatorSinniVignette_complete_trinary,,DismissDialog,,,Runtime completion endpoint for the Trinary Star System category.
chiefNavigatorSinniVignetteAcceptLastRequest,ChiefNavigatorSinniVignette_accept_last_request,,DismissDialog,,,Runtime accepts ONE MORE HORIZON and creates its waypoint.
chiefNavigatorSinniVignetteDeferLastRequest,ChiefNavigatorSinniVignette_defer_last_request,,DismissDialog,,,Runtime leaves ONE MORE HORIZON unaccepted and retains the resolved coordinates.
chiefNavigatorSinniVignetteCompleteOneMoreHorizon,ChiefNavigatorSinniVignette_complete_one_more_horizon,,DismissDialog,,,Runtime completes ONE MORE HORIZON and removes its waypoint.

chiefNavigatorFobIthacaApproachOpening,ChiefNavigatorFobIthacaApproach_opening,,,"The orbital ring comes into view.

At this distance, it is nothing more than a vast black dash carved across the night sky.

""Sinni. Take us in.""

""Aye, $chiefNavigatorFobIthacaPlayerTitle.""","100:reveal:Continue.",One-time FOB Ithaca approach scene.
chiefNavigatorFobIthacaApproachReveal,ChiefNavigatorFobIthacaApproach_reveal,,,"As you approach, something glimmers in the distance—the faintest trace of teal against the darkness.

""Is that—""

You and Sinni see it at the same time.

FOB Ithaca.

It is alive.","100:battle_stations:Continue.",One-time FOB Ithaca approach scene.
chiefNavigatorFobIthacaApproachBattleStations,ChiefNavigatorFobIthacaApproach_battle_stations,,,"""Battle stations!""

Half the bridge jumps in their seats. Officers scramble to their stations, strapping themselves into their anchor points as klaxons begin to blare throughout the ship.

""Battle stations. Battle stations,"" the PA system drones.

""Sinni! Derelict drones are one thing. How is FOB Ithaca still operational?""

""I don't know, $chiefNavigatorFobIthacaPlayerTitle!""","100:weapons_reveal:Continue.",One-time FOB Ithaca approach scene.
chiefNavigatorFobIthacaApproachWeaponsReveal,ChiefNavigatorFobIthacaApproach_weapons_reveal,,,"She frantically pulls up her family's notes as the orbital defense ring looms larger on the viewscreen.

""Those are massive communications antennae..."" one of your bridge officers murmurs aloud.

Ordinarily, that would earn them a sharp admonishment.

But now you see it too.

""Those aren't communications antennae,"" Sinni gasps.","0:defense_guns:""Those are defense guns! Full power to shields!""",One-time FOB Ithaca approach scene.
chiefNavigatorFobIthacaApproachDefenseGuns,ChiefNavigatorFobIthacaApproach_defense_guns,,,"Even from this distance, you can see Ithaca's naval defense batteries turning in their carousels. The metal rings housing them are broader than most orbital stations.

One after another, the colossal turrets swing toward your fleet.

Teal light begins to gather in their barrels—the same light you glimpsed in the darkness.","100:defense_orders:Continue.",One-time FOB Ithaca approach scene.
chiefNavigatorFobIthacaApproachDefenseOrders,ChiefNavigatorFobIthacaApproach_defense_orders,,,"Sinni starts firing off orders.

""That ring is double-sided! Keep us in line with its plane—get as close as you can! We cannot expose ourselves to the entire ring at once!""

Her hands race across the console.

""Myrmidon Five, you're too far above us! Adjust bearing five-eight-niner down!""","100:energy_spike:Continue.",One-time FOB Ithaca approach scene.
chiefNavigatorFobIthacaApproachEnergySpike,ChiefNavigatorFobIthacaApproach_energy_spike,,,"""Energy spike detected!"" your sensor officer shouts.

""Captain!"" Sinni gasps, her face suddenly pale. ""We're—""","0:fan_out:""I know!"" You key into the fleetwide channel. ""All ships, fan out—!""",One-time FOB Ithaca approach scene.
chiefNavigatorFobIthacaApproachFanOut,ChiefNavigatorFobIthacaApproach_fan_out,,,"Teal-blue light consumes the viewscreen.

You throw an arm across your eyes.

Something explodes.

When the glare finally fades, you lower your arm.

Your fleet is still there.

Every ship. Every drive signature.","100:wreckage:Continue.",One-time FOB Ithaca approach scene.
chiefNavigatorFobIthacaApproachWreckage,ChiefNavigatorFobIthacaApproach_wreckage,,,"And yet—

Broken pieces of a vessel drift past the bridge, their armor twisted and pitted with the same strange wounds found on Threat ships.

Something else had been out there with you.

And FOB Ithaca had just killed it.

The wreckage continues to drift past.

A shattered bow section tumbles through the void, its armor blackened and perforated. There is no insignia on its hull. No running lights. No atmosphere bleeding from the rents in its plating.

Whatever it was, it had been waiting for you.","100:contacts:Continue.",One-time FOB Ithaca approach scene.
chiefNavigatorFobIthacaApproachContacts,ChiefNavigatorFobIthacaApproach_contacts,,,"""Contacts!"" your sensor officer shouts. ""Multiple contacts emerging from the ring!""

The tactical display erupts with new signatures.

A formation of warships races out from FOB Ithaca, their drives blazing against the dark. They move with impossible coordination—every vessel accelerating, turning, and braking as though controlled by a single hand.

Within seconds, they surround your fleet.

Sinni stares at the display.

""They've boxed us in.""","100:warships:Continue.",One-time FOB Ithaca approach scene.
chiefNavigatorFobIthacaApproachWarships,ChiefNavigatorFobIthacaApproach_warships,,,"The newcomers hold position at weapons range. Their ships are angular, brutally functional things, built according to Domain naval principles but altered by two centuries of isolated manufacture.

Ancient hull patterns reinforced with unfamiliar armor. Weapon emplacements nested beneath overlapping plates. Sensor arrays sweep across your fleet with mechanical regularity.

Fresh markings stand out against their dark hulls.

A spear driven through a star.

Beneath it, written in crisp Domain-era battle cant:

FOURTEENTH BATTLEGROUP — TASK FORCE SPARTAN","100:weapons_trained:Continue.",One-time FOB Ithaca approach scene; source emphasis is rendered as plain uppercase because rules dialogue does not parse Markdown.
chiefNavigatorFobIthacaApproachWeaponsTrained,ChiefNavigatorFobIthacaApproach_weapons_trained,,,"""No targeting locks,"" your weapons officer reports. ""But every gun they have is trained on us.""","0:open_channel:""Open a channel.""",One-time FOB Ithaca approach scene.
chiefNavigatorFobIthacaApproachOpenChannel,ChiefNavigatorFobIthacaApproach_open_channel,,,"The bridge falls silent.

Static crackles through the speakers. A data handshake follows—ancient Domain authentication protocols, obsolete everywhere else in the Sector but still executed here with textbook precision.

Then a face appears on the viewscreen.

Human.","100:officer_orders:Continue.",One-time FOB Ithaca approach scene.
chiefNavigatorFobIthacaApproachOfficerOrders,ChiefNavigatorFobIthacaApproach_officer_orders,,,"The officer wears a dark naval uniform without ornament beyond his rank bars and the spear-and-star insignia at his collar. His hair is closely cropped. His expression is neither surprised nor relieved.

He regards you with the clinical focus of someone identifying an unknown contact on a firing range.

""Unregistered fleet,"" he says. ""Cut thrust. Disengage all active targeting systems. Hold present formation.""

His voice is curt, almost mechanical.","100:confirm_receipt:Continue.",One-time FOB Ithaca approach scene.
chiefNavigatorFobIthacaApproachConfirmReceipt,ChiefNavigatorFobIthacaApproach_confirm_receipt,,,"Around you, the bridge crew stare.

Sinni has gone completely still.

""They're human,"" someone whispers.

The Spartan officer's gaze shifts fractionally toward the sound.

""Confirm receipt of instructions.""","0:acknowledge:""Instructions received. We mean no—.""",One-time FOB Ithaca approach scene.
chiefNavigatorFobIthacaApproachAcknowledge,ChiefNavigatorFobIthacaApproach_acknowledge,,,"""Compliance acknowledged.""

The surrounding warships adjust their formation. The maneuver is so exact that every engine flares at the same instant.

You glance at Sinni. She is staring at the officer as though he were a ghost.

Two hundred years.

For nearly two centuries, people have remained here—inside a macrocomplex that should have exhausted its fuel, food, replacement parts, and breathable atmosphere generations ago.

You lean toward the transmitter.","0:identify:""I am the $chiefNavigatorFobIthacaPlayerTitle of this fleet—.""",One-time FOB Ithaca approach scene; player_title is the authored Captain title.
chiefNavigatorFobIthacaApproachIdentify,ChiefNavigatorFobIthacaApproach_identify,,,"""Identity declaration is unnecessary,"" the officer interrupts. ""Your command authorization, fleet composition, biological profiles, and probable point of origin have been recorded.""

Before you can speak, the Spartan officer continues.

""The hostile vessel shadowing your approach has been neutralized. Its presence does not alter your clearance status.""

The officer offers no explanation.","100:domain_citizen:Continue.",One-time FOB Ithaca approach scene.
chiefNavigatorFobIthacaApproachDomainCitizen,ChiefNavigatorFobIthacaApproach_domain_citizen,,,"Behind his image, other uniformed figures move between austere command stations. Not one turns to look at the outsiders who have just arrived from beyond their dead system.

""Domain citizen,"" the officer says.

The title lands heavily across the bridge.

""Strategos Menelaus of the Ithaca Defense Area requests your presence.""

Sinni's eyes widen at the title.

""A request?"" you ask, glancing at the warships surrounding you.

The officer remains impassive.

""Correct.""","0:decline:""And if I decline?""",One-time FOB Ithaca approach scene.
chiefNavigatorFobIthacaApproachDecline,ChiefNavigatorFobIthacaApproach_decline,,,"For the first time, something shifts behind his eyes.

Not anger. Not amusement.

Confusion, perhaps—quickly suppressed.

""The Strategos has requested your presence,"" he repeats, as though the statement itself should answer every possible objection.

One of the Spartan vessels moves ahead of your formation. Its running lights blink in sequence, marking an approach corridor toward a narrow opening in the orbital ring.

Beyond it, you catch your first glimpse of Ithaca's interior.","100:ithaca_interior:Continue.",One-time FOB Ithaca approach scene.
chiefNavigatorFobIthacaApproachIthacaInterior,ChiefNavigatorFobIthacaApproach_ithaca_interior,,,"Light.

Thousands upon thousands of lights.

Habitation blocks glow behind armored glass. Transit lines race along the ring's inner surface. Vast foundries burn white-hot between cultivated stretches of green.

Ship-sized maintenance drones move between the docks, hauling armor plates and replacement components. Others crawl across the ring's surface or cluster around vessels under repair. Among them, a handful of armed defense drones patrol the approaches.","100:macrocomplex_awake:Continue.",One-time FOB Ithaca approach scene.
chiefNavigatorFobIthacaApproachMacrocomplexAwake,ChiefNavigatorFobIthacaApproach_macrocomplex_awake,,,"The macrocomplex is not merely surviving.

It is awake.

It is working.

And somewhere inside it, Strategos Menelaus is waiting for you.","100:officer_warning:Continue.",One-time FOB Ithaca approach scene.
chiefNavigatorFobIthacaApproachOfficerWarning,ChiefNavigatorFobIthacaApproach_officer_warning,,,"""Follow the pilot vessel,"" the officer orders. ""Deviation from the assigned corridor may be interpreted as hostile action.""

The transmission ends.

Sinni releases a breath she seems to have been holding since the first teal flash.

""$chiefNavigatorFobIthacaPlayerTitle,"" she says quietly, still staring at Ithaca, ""my great-grandmother's records never mentioned a Strategos Menelaus.""","0:strategos:""Strategos?""",One-time FOB Ithaca approach scene.
chiefNavigatorFobIthacaApproachStrategos,ChiefNavigatorFobIthacaApproach_strategos,,,"""An old Domain appointment. Unified theater authority."" Her eyes move across the tactical display, taking in the orbital guns, the warships, and the impossible scale of the installation surrounding them. ""Fleet command, ground forces, logistics, industry, civil defense—everything within a designated strategic area.""

You look toward the vast inhabited curve of Ithaca.","0:fourteenth:""The Fourteenth left him in command of all this?""",One-time FOB Ithaca approach scene.
chiefNavigatorFobIthacaApproachFourteenth,ChiefNavigatorFobIthacaApproach_fourteenth,,,"""Yes.""

Sinni's voice falls quiet.

She looks back at the Spartan ships surrounding your fleet. As one, they break formation, opening a corridor toward the center of the ring.

Your fleet follows.

The central module emerges from behind the ring's curvature.","100:central_module:Continue.",One-time FOB Ithaca approach scene.
chiefNavigatorFobIthacaApproachCentralModule,ChiefNavigatorFobIthacaApproach_central_module,,,"Calling it a space station would be absurd. It is a moon suspended at the heart of Ithaca, its armored surface broken by docks, towers, defense emplacements, and vast illuminated apertures.

Hundreds of transit lines stretch between it and the surrounding ring, binding both structures together like the spokes of an immense wheel.

Ahead, the pilot vessel guides you toward the central module.

Then you see the carnage.","100:ring_breach:Continue.",One-time FOB Ithaca approach scene.
chiefNavigatorFobIthacaApproachRingBreach,ChiefNavigatorFobIthacaApproach_ring_breach,,,"An entire section of the ring has been shorn away by some tremendous force. A gaping wound thousands of kilometers across breaks its circumference. Severed transit lines reach into empty space. Atmosphere glitters as it escapes from ruptured habitation blocks.

The maintenance drones are thickest there.

Thousands of them swarm around the breach, hauling debris, sealing compartments, and fitting temporary supports across fractures too vast to comprehend. Against the scale of the damage, even the largest among them look like insects tending an open wound.","100:losing:Continue.",One-time FOB Ithaca approach scene.
chiefNavigatorFobIthacaApproachLosing,ChiefNavigatorFobIthacaApproach_losing,,,"The lights end at the edge of the breach.

Beyond them lies only twisted metal and darkness.

Sinni stares at the devastation.

""They are losing.""",100:complete:Continue.,One-time FOB Ithaca approach scene; completion is committed only from Continue.
chiefNavigatorFobIthacaApproachComplete,ChiefNavigatorFobIthacaApproach_complete,,FireAll ChiefNavigatorFobIthaca,,,Flows directly from the one-time approach into the full station introduction.
chiefNavigatorFobIthacaEarlyWall,ChiefNavigatorFobIthaca,ChiefNavigatorMenelausCMD stage early_wall,ChiefNavigatorMenelausCMD initEarlyWall,"Menelaus appears beneath the scarred Greek helm. Before he speaks, the signal freezes. A dense block of combat telemetry unfolds beside him: reactor-collapse timing, shutdown handshakes, and the Drifting Wall's newly accepted IFF.

For several seconds, he says nothing.

""You challenged the Wall before I assigned it.""

The helm turns by a fraction, as though looking from the report to you.

""The Guard Motherships were intended to be restored first. The recovered station components were intended to be installed first. You disregarded the sequence, disabled the reactor, preserved the station, and completed my third Labor before I gave it to you.""

Another pause.

""You have surprised me, Captain. This is sufficiently uncommon that you may take satisfaction in it. When the sequence reaches the third Labor, it will be entered as complete.""",0:chief_navigator_menelaus_early_wall_continue:Continue.,One-time Menelaus reaction after the player reclaims the Drifting Wall ahead of Labor III.
chiefNavigatorFobIthacaMothershipsReport,ChiefNavigatorFobIthaca,"!ChiefNavigatorMenelausCMD stage early_wall
ChiefNavigatorMenelausCMD stage motherships_report","ChiefNavigatorMenelausCMD init
SetTextHighlightColors hColor
SetTextHighlights ""You can command recovered FOB Ithaca drones without the Automated Ships skill.""","Menelaus receives the four destruction records without comment. The tactical display holds each mothership's last position as an empty marker.

Then all four markers flare teal.

Across the Odyssey Sector, dormant recovery frames converge on the wreck sites. Broken armor rotates into alignment. Drive cores relight. Four replacement command partitions accept Menelaus's IFF and begin rebuilding the motherships where they fell.

For once, the battered helm turns sharply.

""Unexpected. Their destruction propagated the authentication farther than seizure would have.""

New contacts spill from each restored hull: two Guard patrols per mothership, spreading out along independent routes through the system.

""The restored Guard recognizes you. You may approach its patrols and authorize the transfer of a drone to your fleet. The unmoored packs remain severed from Ithaca and will engage my patrols on contact.""

""Labor I is complete.""

You can command recovered FOB Ithaca drones without the Automated Ships skill.",0:chief_navigator_menelaus_report_motherships:Continue.,Labor I debrief gates mothership restoration and eight friendly Guard patrols; final paragraph highlights drone command authorization.
chiefNavigatorFobIthacaResearchReport,ChiefNavigatorFobIthaca,"!ChiefNavigatorMenelausCMD stage early_wall
ChiefNavigatorMenelausCMD stage research_report",ChiefNavigatorMenelausCMD init,"Menelaus reviews the four installed component records one by one. Ithaca's defense wall answers each diagnostic in turn.

""Four upgrades are installed and answering Ithaca's fire-control network. That satisfies the Labor.""

""Any outstanding station signatures will stay in your map data. Components beyond the four required are optional, but the wall can still use them. I will maintain the integration ledger.""

""Labor II is complete.""",0:chief_navigator_menelaus_report_research:Continue.,Labor II debrief must be completed before Labor III opens.
chiefNavigatorFobIthacaWallReport,ChiefNavigatorFobIthaca,"!ChiefNavigatorMenelausCMD stage early_wall
ChiefNavigatorMenelausCMD stage wall_report","ChiefNavigatorMenelausCMD init
ChiefNavigatorMenelausCMD report wall
FireAll ChiefNavigatorHegemonyIthacaArrival",,,Commits Labor III without a separate debrief page and continues directly into Voss's arrival.
chiefNavigatorFobIthacaSensorReport,ChiefNavigatorFobIthaca,"!ChiefNavigatorMenelausCMD stage early_wall
ChiefNavigatorMenelausCMD stage sensor_report",ChiefNavigatorMenelausCMD init,"When you get back, you find Menelaus with your sensor reports open.

Is it your imagination, or... does the AI's avatar look grim?

Menelaus opens the sensor package's final transmission. The Devoured Ring appears as a lattice of consumed mass, failed topology models, and centuries of Starving Threat traffic.

""The package completed its work before deleting itself. The Threat have been trying to reconstruct a Janus Device from the ring they consumed. They failed because they possess only one side of the topology.""

""And the closest intact Gate left is...""

Menelaus stares at the Gate that Task Force Spartan guards.

You realize.","0:chief_navigator_menelaus_labor_5_realization_2:""If they scan Ithaca's Gate, then—.""",Labor IV debrief reveals why the Threat are converging on Ithaca.
chiefNavigatorMenelausLaborFiveRealization2,DialogOptionSelected,$option == chief_navigator_menelaus_labor_5_realization_2,,"""They will flood every last Gate and devour everythingA,"" Menelaus finishes. ""Humanity will die.""

Suddenly, the simulation of Ashen Verge burns red.

Hundreds.

Thousands.

Countless red alerts begin appearing along the edge of Ashen Verge.

All moving inward.",0:chief_navigator_menelaus_labor_5_realization_3:""They're already here.".",Labor IV realization continues as the invasion appears.
chiefNavigatorMenelausLaborFiveRealization3,DialogOptionSelected,$option == chief_navigator_menelaus_labor_5_realization_3,,"""Auxiliary...""

His blue-white eyes burn into yours.

""Defender of the Domain.""

The surveillance data collapses into a tactical map. Threat concentrations converge on FOB Ithaca in numbers greater than anything you have yet encountered.

""This is your final Labor. You have proven that neither the strength of lions nor of bulls shall hold you.""

Over Menelaus's head, more and more red alerts spread like a bloody starry sky.

""Fight with us until the last light.""",0:chief_navigator_menelaus_report_sensor:Continue.,Completes the Labor IV debrief only after the full Labor V realization.
chiefNavigatorFobIthacaBriefing,ChiefNavigatorFobIthaca,"!ChiefNavigatorMenelausCMD stage early_wall
ChiefNavigatorMenelausCMD stage briefing
!ChiefNavigatorMenelausCMD introduced",,"Your command shuttle leaves your flagship under Spartan escort.

The central module of FOB Ithaca grows until it fills every viewport, a vast sea of black against black, its bulk swallowing up the stars in the background.

Up close, the central module stops resembling a station. Armor cliffs rise for kilometers. Docking apertures glow between batteries large enough to engage capital ships.

Maintenance drones move across the surface in endless streams. Some are little larger than a person. Others haul armor plates larger than your shuttle. A team of them, illuminated only by sparks in the night, are repairing a tear so large in the module you could fly a Wolf through it.",0:chief_navigator_menelaus_first_shuttle_continue:Continue.,Begins the full one-time Menelaus first-contact scene before the reusable Labor-I hub.
chiefNavigatorFobIthacaBriefingMenu,ChiefNavigatorFobIthaca,"!ChiefNavigatorMenelausCMD stage early_wall
ChiefNavigatorMenelausCMD stage briefing
ChiefNavigatorMenelausCMD introduced","ChiefNavigatorMenelausCMD init
FireAll ChiefNavigatorMenelausLaborOneHubOptions","Ashen Verge unfolds around Menelaus.

The marker for the Odyssey Expanse still burns gold at the edge of the theater.

""What do you require?""",,Opens the reusable pre-/active-Labor-I Menelaus dialogue hub.
chiefNavigatorMenelausFirstShuttleContinue,DialogOptionSelected,$option == chief_navigator_menelaus_first_shuttle_continue,ChiefNavigatorPeopleCMD show sinni player,"A transmission crackles through the cabin speakers.

""Inbound shuttle, maintain present vector. Berth assignment transmitted.""

Your pilot acknowledges and banks toward a docking aperture opening in Ithaca's black armor. The maneuvering thrusters pulse beneath your feet, and then the walls swallow you.

Stars disappear behind the shuttle. Guidance lamps streak past the windows as you descend through layer after layer of the macrocomplex.

There is a heavy jolt as docking clamps seize the shuttle. The engines spool down, their vibration fading from the deck beneath your boots.

For the first time since entering Ashen Verge, everything is still.

You unfasten your restraints. Your bodyguards do the same.

Across the cabin, Sinni is already standing.","0:chief_navigator_menelaus_first_sinni_stay:""Stay in the shuttle, Sinni. Coming here is dangerous enough.""
10:chief_navigator_menelaus_first_sinni_assume:""I assume you're coming.""
20:chief_navigator_menelaus_first_sinni_ready:""Ready?""",Full Menelaus first contact: shuttle arrival.
chiefNavigatorMenelausFirstSinniStay,DialogOptionSelected,$option == chief_navigator_menelaus_first_sinni_stay,,"""No.""

You stop.

Sinni rises from her seat.

She simply said no.","0:chief_navigator_menelaus_first_sinni_stay_no:""No?""
10:chief_navigator_menelaus_first_sinni_stay_insubordination:""Huh. That sounded like insubordination.""",Full Menelaus first contact: Sinni refuses to remain aboard.
chiefNavigatorMenelausFirstSinniStayNo,DialogOptionSelected,$option == chief_navigator_menelaus_first_sinni_stay_no,FireAll ChiefNavigatorMenelausFirstSinniInsists,,,Routes the first refusal response into Sinni's insistence.
chiefNavigatorMenelausFirstSinniStayInsubordination,DialogOptionSelected,$option == chief_navigator_menelaus_first_sinni_stay_insubordination,FireAll ChiefNavigatorMenelausFirstSinniInsists,,,Routes the insubordination response into Sinni's insistence.
chiefNavigatorMenelausFirstSinniAssume,DialogOptionSelected,$option == chief_navigator_menelaus_first_sinni_assume,FireAll ChiefNavigatorMenelausFirstSinniGo,"""Yes.""

Immediate.

Sinni rises and straightens her sleeves.",,Full Menelaus first contact: Sinni accepts the invitation and joins the station party.
chiefNavigatorMenelausFirstSinniReady,DialogOptionSelected,$option == chief_navigator_menelaus_first_sinni_ready,FireAll ChiefNavigatorMenelausFirstSinniGo,"""Yes.""

Sinni is already standing, apparently more ready than you are.",,Full Menelaus first contact: Sinni is ready.
chiefNavigatorMenelausFirstSinniInsists,ChiefNavigatorMenelausFirstSinniInsists,,FireAll ChiefNavigatorMenelausFirstSinniInsistsOptions,"Sinni clasps her hands before her.

""Captain.""

The concession does not follow.

""I have traveled the heavens many times over to reach here.""

The look in her eyes is serious.

""I am going with you.""

There is no anger, no pleading, no compromise.

Just Sinni.",,Full Menelaus first contact: Sinni insists on entering Ithaca.
chiefNavigatorMenelausFirstSinniInsistsRequestOption,ChiefNavigatorMenelausFirstSinniInsistsOptions,,,,"0:chief_navigator_menelaus_first_sinni_request:""Was that a request?""",Keeps the request question beside either living-bodyguard option in the same native option group.
chiefNavigatorMenelausFirstSinniInsistsSaraOption,ChiefNavigatorMenelausFirstSinniInsistsOptions,!$global.chief_navigator_sara_dead,,,"10:chief_navigator_menelaus_first_sinni_insists_go:""Okay. Sara. Try to keep our Chief Nav alive.""",Sara-specific station-party option while she remains alive.
chiefNavigatorMenelausFirstSinniInsistsYvanOption,ChiefNavigatorMenelausFirstSinniInsistsOptions,$global.chief_navigator_sara_dead,,,"10:chief_navigator_menelaus_first_sinni_insists_go_yvan:""Okay. Yvan. Try to keep our Chief Nav alive.""",Yvan replaces Sara in the station-party option after her death on Kshaya.
chiefNavigatorMenelausFirstSinniRequest,DialogOptionSelected,$option == chief_navigator_menelaus_first_sinni_request,FireAll ChiefNavigatorMenelausFirstSinniRequestOptions,"""No.""

A beat.

""Respectfully.""",,Full Menelaus first contact: Sinni clarifies that she was not asking.
chiefNavigatorMenelausFirstSinniRequestSaraOption,ChiefNavigatorMenelausFirstSinniRequestOptions,!$global.chief_navigator_sara_dead,,,"10:chief_navigator_menelaus_first_sinni_request_go:""Okay. Sara, respectfully don't leave Sinni out of your sight.""",Sara-specific respectful station-party option while she remains alive.
chiefNavigatorMenelausFirstSinniRequestYvanOption,ChiefNavigatorMenelausFirstSinniRequestOptions,$global.chief_navigator_sara_dead,,,"10:chief_navigator_menelaus_first_sinni_request_go_yvan:""Okay. Yvan, respectfully don't leave Sinni out of your sight.""",Yvan replaces Sara in the respectful station-party option after her death on Kshaya.
chiefNavigatorMenelausFirstSinniInsistsGo,DialogOptionSelected,$option == chief_navigator_menelaus_first_sinni_insists_go,FireAll ChiefNavigatorMenelausFirstSinniGo,,,Routes Sinni's insistence into the station party.
chiefNavigatorMenelausFirstSinniRequestGo,DialogOptionSelected,$option == chief_navigator_menelaus_first_sinni_request_go,FireAll ChiefNavigatorMenelausFirstSinniGo,,,Routes Sinni's respectful refusal into the station party.
chiefNavigatorMenelausFirstSinniInsistsGoYvan,DialogOptionSelected,$option == chief_navigator_menelaus_first_sinni_insists_go_yvan,FireAll ChiefNavigatorMenelausFirstSinniGo,,,Routes the post-Kshaya option into the station party without Sara.
chiefNavigatorMenelausFirstSinniRequestGoYvan,DialogOptionSelected,$option == chief_navigator_menelaus_first_sinni_request_go_yvan,FireAll ChiefNavigatorMenelausFirstSinniGo,,,Routes the post-Kshaya respectful option into the station party without Sara.
chiefNavigatorMenelausFirstSinniGo,ChiefNavigatorMenelausFirstSinniGo,!$global.chief_navigator_sara_dead,ChiefNavigatorPeopleCMD show sinni sara player,"Sara rises and checks her sidearm.

""Got it. I'll make sure our Chief Navigator doesn't discover any exciting new ways to get shot.""

Sinni gives her a flat look.

""I don't intend to.""

""That's what makes them exciting.""

The outer hatch unlocks with a heavy thump as pressure equalizes, then retracts into the shuttle wall.",0:chief_navigator_auto_page_chief_navigator_menelaus_first_sinni_go_2:Continue.,Full Menelaus first contact: the party disembarks. Auto-paged 1/4.
chiefNavigatorMenelausFirstSinniGoWithoutSara,ChiefNavigatorMenelausFirstSinniGo,$global.chief_navigator_sara_dead,,"Yvan rises and checks his sidearm, then inclines his head.

""Understood.""

The outer hatch unlocks with a heavy thump as pressure equalizes, then retracts into the shuttle wall.",0:chief_navigator_auto_page_chief_navigator_menelaus_first_sinni_go_2:Continue.,Post-Kshaya version of the station party disembarking without Sara.
chiefNavigatorMenelausFirstSinniGoPage2,DialogOptionSelected,$option == chief_navigator_auto_page_chief_navigator_menelaus_first_sinni_go_2,ChiefNavigatorPeopleCMD show sinni player,"Three Spartans are waiting on the other side: two armed marines and an officer carrying a battered data slate. There is no honor guard, no ceremony.

The officer looks first at you, then at Sinni.

""Captain. Chief Navigator.""

Sinni inclines her head.

""Correct.""

""Follow me.""

He turns without another word.",0:chief_navigator_auto_page_chief_navigator_menelaus_first_sinni_go_3:Continue.,Automatic runtime continuation 2/4 for chiefNavigatorMenelausFirstSinniGo.
chiefNavigatorMenelausFirstSinniGoPage3,DialogOptionSelected,$option == chief_navigator_auto_page_chief_navigator_menelaus_first_sinni_go_3,,"Beyond him, the docking gallery is enormous and mostly empty. Automated tugs move fuel and ammunition between the few occupied berths while repair drones crawl over damaged hulls and disappear into open maintenance shafts.

There are people here, but not many. A pilot helps guide cargo into storage. An officer with lieutenant's bars is elbow-deep in an open maintenance panel. Two marines carry ration crates down a service corridor.

Nobody seems particularly interested in the fleet that just arrived from beyond their sky. Everyone is working.",0:chief_navigator_auto_page_chief_navigator_menelaus_first_sinni_go_4:Continue.,Automatic runtime continuation 3/4 for chiefNavigatorMenelausFirstSinniGo.
chiefNavigatorMenelausFirstSinniGoPage4,DialogOptionSelected,$option == chief_navigator_auto_page_chief_navigator_menelaus_first_sinni_go_4,,Your escort leads you toward a waiting monorail.,0:chief_navigator_menelaus_first_monorail:Continue.,Automatic runtime continuation 4/4 for chiefNavigatorMenelausFirstSinniGo.
chiefNavigatorMenelausFirstMonorail,DialogOptionSelected,$option == chief_navigator_menelaus_first_monorail,,"The monorail pulls away from the docks.

For a while, Ithaca almost resembles a conventional military station. Workshops, barracks, medical compartments, and storage galleries slide past the windows. A mess hall has perhaps a dozen people inside.

But the same pattern follows you everywhere: too much station, too few people.

A pilot walks past carrying a diagnostic unit. A marine pushes a supply cart. An officer in engineering coveralls has half her body buried in an open maintenance panel.",0:chief_navigator_auto_page_chief_navigator_menelaus_first_monorail_2:Continue.,Full Menelaus first contact: the monorail enters a quiet district. Auto-paged 1/3.
chiefNavigatorMenelausFirstMonorailPage2,DialogOptionSelected,$option == chief_navigator_auto_page_chief_navigator_menelaus_first_monorail_2,,"Nobody here seems to have only one job.

Then the lights outside stop.

Blackness swallows the windows—not space, but structure.

The monorail races through an entire district with its lights turned off. Habitation towers, transit platforms, workshops, and warehouses loom beyond the glass, visible only when the train's running lights sweep across them.",0:chief_navigator_auto_page_chief_navigator_menelaus_first_monorail_3:Continue.,Automatic runtime continuation 2/3 for chiefNavigatorMenelausFirstMonorail.
chiefNavigatorMenelausFirstMonorailPage3,DialogOptionSelected,$option == chief_navigator_auto_page_chief_navigator_menelaus_first_monorail_3,,"Something moves below. Then another. Soon you make out hundreds of maintenance drones crawling through the darkness, opening access panels, replacing conduits, and tending machinery no human being is there to see.","0:chief_navigator_menelaus_first_quiet_power:""Power failure?""
10:chief_navigator_menelaus_first_quiet_what:""What's out there?""
20:chief_navigator_menelaus_first_quiet_watch:Keep watching.",Automatic runtime continuation 3/3 for chiefNavigatorMenelausFirstMonorail.
chiefNavigatorMenelausFirstQuietPower,DialogOptionSelected,$option == chief_navigator_menelaus_first_quiet_power,FireAll ChiefNavigatorMenelausFirstQuiet,,,Routes a monorail observation into the quiet-district explanation.
chiefNavigatorMenelausFirstQuietWhat,DialogOptionSelected,$option == chief_navigator_menelaus_first_quiet_what,FireAll ChiefNavigatorMenelausFirstQuiet,,,Routes a monorail observation into the quiet-district explanation.
chiefNavigatorMenelausFirstQuietWatch,DialogOptionSelected,$option == chief_navigator_menelaus_first_quiet_watch,FireAll ChiefNavigatorMenelausFirstQuiet,,,Routes a monorail observation into the quiet-district explanation.
chiefNavigatorMenelausFirstQuiet,ChiefNavigatorMenelausFirstQuiet,,,"""Quiet district,"" your escort says without looking up from his data slate.","0:chief_navigator_menelaus_first_quiet_2:""Quiet district?""",Full Menelaus first contact: the escort names the dark district.
chiefNavigatorMenelausFirstQuiet2,DialogOptionSelected,$option == chief_navigator_menelaus_first_quiet_2,,"""No permanent personnel assignment. Life support is reduced to maintenance levels.""

He gestures toward the dark city outside.

""Strategos maintains pressure integrity, transit, structural systems, and essential fabrication. The drones handle the rest.""","0:chief_navigator_menelaus_first_quiet_3:""How much of Ithaca is like this?""",Full Menelaus first contact: the escort explains a quiet district.
chiefNavigatorMenelausFirstQuiet3,DialogOptionSelected,$option == chief_navigator_menelaus_first_quiet_3,,"""Ninety-two percent.""

You look back through the window.

Entire districts pass in darkness, swaths of metal complexes larger than most settlements in the Persean Sector. Machines move through all of it.

Sinni approaches the rail window, her reflection hanging over the black glass.

Before she can react, her reflection vanishes as something immense passes over the monorail.

At first, you mistake it for part of Ithaca's superstructure. Then welding sparks flare across its underside.","0:chief_navigator_menelaus_first_onslaught_what:""What is that?""
10:chief_navigator_menelaus_first_onslaught_look:Look up.",Full Menelaus first contact: the monorail passes an automated shipyard.
chiefNavigatorMenelausFirstOnslaughtWhat,DialogOptionSelected,$option == chief_navigator_menelaus_first_onslaught_what,FireAll ChiefNavigatorMenelausFirstOnslaught,,,Routes the shipyard observation into the Onslaught reveal.
chiefNavigatorMenelausFirstOnslaughtLook,DialogOptionSelected,$option == chief_navigator_menelaus_first_onslaught_look,FireAll ChiefNavigatorMenelausFirstOnslaught,,,Routes the shipyard observation into the Onslaught reveal.
chiefNavigatorMenelausFirstOnslaught,ChiefNavigatorMenelausFirstOnslaught,,,"A prow emerges from the darkness, followed by meters of armor and then the unmistakable silhouette of an Onslaught.

The battleship hangs above the transit line, pristine and completely unpainted, its unfinished hull suspended between rows of nanoforges. There are no work lamps, no scaffolds, no human beings.

A slab of armor slides from one of the forge arrays, still glowing faintly from manufacture. Tug drones seize it and carry it across the cavern, where other machines catch the plate against the Onslaught's flank.

A moment later, welding arcs flash through the dark. For an instant, the entire battleship is visible before darkness swallows it again.

Another armor plate emerges from the nanoforges.","0:chief_navigator_menelaus_first_onslaught_2:""They're building an Onslaught.""",Full Menelaus first contact: Ithaca's automated Onslaught construction.
chiefNavigatorMenelausFirstOnslaught2,DialogOptionSelected,$option == chief_navigator_menelaus_first_onslaught_2,,"""Construction allocation SPN-17,"" the Spartan officer says, checking his slate. ""Scheduled completion in twenty-three days.""","0:chief_navigator_menelaus_first_onslaught_3:""Twenty-three days?""",Full Menelaus first contact: the escort gives the construction schedule.
chiefNavigatorMenelausFirstOnslaught3,DialogOptionSelected,$option == chief_navigator_menelaus_first_onslaught_3,FireAll ChiefNavigatorMenelausFirstAfterOnslaught,"""Assuming no further loss of industrial capacity.""

He goes back to his slate.",,Full Menelaus first contact: the escort qualifies the construction schedule.
chiefNavigatorMenelausFirstAfterOnslaught,ChiefNavigatorMenelausFirstAfterOnslaught,,,"The Onslaught vanishes behind you, though its welding flashes remain visible in the distance for several seconds.

Sinni watches until the last one disappears.

""Two hundred years,"" she murmurs.

You glance toward her.

Another dark habitation block slides past the window.

The monorail begins to slow as light returns beyond the windows. Ahead, a fortified transit platform emerges from the darkness.

Your escort stands.

""We have arrived.""",0:chief_navigator_menelaus_first_strategos_approach:Continue.,Full Menelaus first contact: arrival at the Strategos complex.
chiefNavigatorMenelausFirstStrategosApproach,DialogOptionSelected,$option == chief_navigator_menelaus_first_strategos_approach,,"The platform opens directly into a military complex.

Your escort leads you and your retinue through three security checkpoints before you reach a pair of tall black doors at the end of the corridor.

There is no office number or command insignia, only a single word written above them in old Domain script.

STRATEGOS

The Spartan officer stops.

""Strategos Menelaus will receive you now.""

The doors open.",0:chief_navigator_menelaus_first_holodeck:Enter.,Full Menelaus first contact: the party reaches Menelaus's holodeck.
chiefNavigatorMenelausFirstHolodeck,DialogOptionSelected,$option == chief_navigator_menelaus_first_holodeck,ChiefNavigatorPeopleCMD show sinni player,"The room beyond is circular, windowless, and completely empty.

No desk. No command staff. No tactical table. You catch your bodyguards thumbing their weapons nervously.

Actually, why didn't your escorts confiscate them?

Sinni looks around.

""It's a holodeck.""",0:chief_navigator_auto_page_chief_navigator_menelaus_first_holodeck_2:Continue.,Full Menelaus first contact: Menelaus appears in the holodeck. Auto-paged 1/5.
chiefNavigatorMenelausFirstHolodeckPage2,DialogOptionSelected,$option == chief_navigator_auto_page_chief_navigator_menelaus_first_holodeck_2,,"Stars hang overhead and beneath your feet. Ithaca's orbital ring curves through the chamber while the central module hangs at its heart. Fleet positions begin appearing around it, followed by defense networks, supply routes, industrial output, power flow, and casualty estimates.

Thousands of streams of information fold through one another faster than you can follow.

Then they move aside.

A humanoid face assembled from overlapping geometric planes slowly begins rendering into view at the center of the chamber.",0:chief_navigator_auto_page_chief_navigator_menelaus_first_holodeck_3:Continue.,Automatic runtime continuation 2/5 for chiefNavigatorMenelausFirstHolodeck.
chiefNavigatorMenelausFirstHolodeckPage3,DialogOptionSelected,$option == chief_navigator_auto_page_chief_navigator_menelaus_first_holodeck_3,ChiefNavigatorMenelausCMD init,"The features are almost human.

A model of a Corinthian helm has been worked into the avatar, its cheek guards and brow breaking apart into the same layered, crystalline geometry. A broad transverse crest stretches across the crown. Beneath it, the face seems less sculpted than calculated into existence. Plates of light shift by fractions of a degree as you look at him, suggesting cheekbones, a mouth, the bridge of a nose.

Only the eyes remain completely stable.

One burns a shocking blue, the other white.",0:chief_navigator_auto_page_chief_navigator_menelaus_first_holodeck_4:Continue.,Automatic runtime continuation 3/5 for chiefNavigatorMenelausFirstHolodeck.
chiefNavigatorMenelausFirstHolodeckPage4,DialogOptionSelected,$option == chief_navigator_auto_page_chief_navigator_menelaus_first_holodeck_4,,"The machine's presence is overwhelming. The avatar practically unmakes you with its gaze. You have the strange sensation that you are not standing in a room containing Menelaus, but inside something that has chosen to give you its attention.

Like standing before a god.

His gaze settles on you.

""Captain.""

Its voice is thunderous, calm, and unmistakably human.",0:chief_navigator_auto_page_chief_navigator_menelaus_first_holodeck_5:Continue.,Automatic runtime continuation 4/5 for chiefNavigatorMenelausFirstHolodeck.
chiefNavigatorMenelausFirstHolodeckPage5,DialogOptionSelected,$option == chief_navigator_auto_page_chief_navigator_menelaus_first_holodeck_5,,"""I am Menelaus, Domain Intelligence Nexus VG1239-GH1729.""

The geometry of his face shifts almost imperceptibly.

""I have held the office of Strategos of the Orion Knot Theater for the last two hundred and eighty-six cycles.""","0:chief_navigator_menelaus_first_business_direct:""Strategos Menelaus.""
10:chief_navigator_menelaus_first_unexpected:""I wasn't expecting... this.""",Automatic runtime continuation 5/5 for chiefNavigatorMenelausFirstHolodeck.
chiefNavigatorMenelausFirstBusinessDirect,DialogOptionSelected,$option == chief_navigator_menelaus_first_business_direct,FireAll ChiefNavigatorMenelausFirstBusiness,,,Routes the formal greeting into Menelaus's request.
chiefNavigatorMenelausFirstUnexpected,DialogOptionSelected,$option == chief_navigator_menelaus_first_unexpected,,"""I thought not.""

Menelaus regards you for another moment.","0:chief_navigator_menelaus_first_core_alpha:""You're an Alpha Core.""
10:chief_navigator_menelaus_first_core_ai:""You're an AI.""
20:chief_navigator_menelaus_first_abomination_unexpected:""Ludd help us. You're an abomination.""
30:chief_navigator_menelaus_first_business_then:""Strategos, then.""",Full Menelaus first contact: the player reacts to the Alpha core.
chiefNavigatorMenelausFirstCoreAlpha,DialogOptionSelected,$option == chief_navigator_menelaus_first_core_alpha,FireAll ChiefNavigatorMenelausFirstCore,,,Routes recognition of Menelaus's nature into his classification.
chiefNavigatorMenelausFirstCoreAi,DialogOptionSelected,$option == chief_navigator_menelaus_first_core_ai,FireAll ChiefNavigatorMenelausFirstCore,,,Routes recognition of Menelaus's nature into his classification.
chiefNavigatorMenelausFirstBusinessThen,DialogOptionSelected,$option == chief_navigator_menelaus_first_business_then,FireAll ChiefNavigatorMenelausFirstBusiness,,,Routes acceptance of Menelaus's title into his request.
chiefNavigatorMenelausFirstCore,ChiefNavigatorMenelausFirstCore,,,"""Yes.""

The answer comes without hesitation.

""I am classified as an 'Alpha'-level artificial intelligence. Issued at Jupiter Station by the Amystris lab.""

A constellation of blue-white geometry turns slowly behind him.","0:chief_navigator_menelaus_first_business_core:""Strategos, then.""
10:chief_navigator_menelaus_first_abomination_core:""Ludd help us. You're an abomination.""",Full Menelaus first contact: Menelaus identifies his classification.
chiefNavigatorMenelausFirstBusinessCore,DialogOptionSelected,$option == chief_navigator_menelaus_first_business_core,FireAll ChiefNavigatorMenelausFirstBusiness,,,Routes acceptance of Menelaus's title into his request.
chiefNavigatorMenelausFirstAbominationUnexpected,DialogOptionSelected,$option == chief_navigator_menelaus_first_abomination_unexpected,FireAll ChiefNavigatorMenelausFirstAbomination,,,Routes the hostile response into Menelaus's rebuke.
chiefNavigatorMenelausFirstAbominationCore,DialogOptionSelected,$option == chief_navigator_menelaus_first_abomination_core,FireAll ChiefNavigatorMenelausFirstAbomination,,,Routes the hostile response into Menelaus's rebuke.
chiefNavigatorMenelausFirstAbomination,ChiefNavigatorMenelausFirstAbomination,!$global.chief_navigator_sara_dead,ChiefNavigatorPeopleCMD show menelaus sinni sara,"The avatar's visage darkens. Literally.

""You will address me as STRATEGOS, as befits my station.""

The avatar looms overhead, not by stepping forward, but by simply growing.

Wordlessly, Sinni reaches out and grabs your hand.

The face of Menelaus expands until those impossible eyes hang above you like stars. The holodeck darkens around him, leaving the blue-white architecture of his form burning against the void.

Several of your bodyguards recoil. Sara's pistol clears its holster, but Yvan catches her wrist and slaps the weapon back down before she can level it.

As if that toy would be of any use here.

Menelaus lets the moment stretch, allowing you and your retinue to quail beneath his wrath.

""Are we understood?"" he asks.","0:chief_navigator_menelaus_first_hmm_understood:""Understood, Strategos.""
10:chief_navigator_menelaus_first_hmm_apologies:""Apologies. Point taken.""
20:chief_navigator_menelaus_first_hmm_silent:Say nothing.",Full Menelaus first contact: Menelaus demands his proper title.
chiefNavigatorMenelausFirstAbominationWithoutSara,ChiefNavigatorMenelausFirstAbomination,$global.chief_navigator_sara_dead,,"The avatar's visage darkens. Literally.

""You will address me as STRATEGOS, as befits my station.""

The avatar looms overhead, not by stepping forward, but by simply growing.

Wordlessly, Sinni reaches out and grabs your hand.

The face of Menelaus expands until those impossible eyes hang above you like stars. The holodeck darkens around him, leaving the blue-white architecture of his form burning against the void.

Several of your bodyguards recoil.

Menelaus lets the moment stretch, allowing you and your retinue to quail beneath his wrath.

""Are we understood?"" he asks.","0:chief_navigator_menelaus_first_hmm_understood:""Understood, Strategos.""
10:chief_navigator_menelaus_first_hmm_apologies:""Apologies. Point taken.""
20:chief_navigator_menelaus_first_hmm_silent:Say nothing.",Post-Kshaya version of Menelaus's rebuke without Sara.
chiefNavigatorMenelausFirstHmmUnderstood,DialogOptionSelected,$option == chief_navigator_menelaus_first_hmm_understood,FireAll ChiefNavigatorMenelausFirstHmm,,,Routes the response to Menelaus's rebuke into his request.
chiefNavigatorMenelausFirstHmmApologies,DialogOptionSelected,$option == chief_navigator_menelaus_first_hmm_apologies,FireAll ChiefNavigatorMenelausFirstHmm,,,Routes the response to Menelaus's rebuke into his request.
chiefNavigatorMenelausFirstHmmSilent,DialogOptionSelected,$option == chief_navigator_menelaus_first_hmm_silent,FireAll ChiefNavigatorMenelausFirstHmm,,,Routes the response to Menelaus's rebuke into his request.
chiefNavigatorMenelausFirstHmm,ChiefNavigatorMenelausFirstHmm,,FireAll ChiefNavigatorMenelausFirstBusiness,"""Onto my request.""",,Full Menelaus first contact: Menelaus returns to business.
chiefNavigatorMenelausFirstBusiness,ChiefNavigatorMenelausFirstBusiness,,"ChiefNavigatorPeopleCMD show menelaus sinni
FireAll ChiefNavigatorMenelausFirstStatusOptions","""I am in need of your assistance.""

The words are almost absurd coming from something that fills the room like a god.

Menelaus raises one hand, and Ithaca contracts beneath you. The orbital ring becomes a thin circle of light. The central module shrinks with it, followed by the moons, planets, and finally the whole of Ashen Verge.

Then red begins to spread across the system.

Hundreds of Threat contacts populate the map. Some are marked as destroyed. Others pulse steadily at the edges of Spartan patrol zones, while entire regions of the system are shaded in warning colors.

The wound you saw in Ithaca's orbital ring glows brightest of all.

""Task Force Spartan retains tactical superiority within the immediate Ithaca Defense Area.""

A number appears beside the ring and begins counting downward.

""That condition will not persist.""",,Full Menelaus first contact: Menelaus shows Ithaca's strategic position.
chiefNavigatorMenelausFirstStatusLosingOption,ChiefNavigatorMenelausFirstStatusOptions,!$chiefNavigatorMenelausFirstAskedLosing,,,"0:chief_navigator_menelaus_first_losing:""You're losing.""",One-shot status question in the Menelaus introduction.
chiefNavigatorMenelausFirstStatusNeedOption,ChiefNavigatorMenelausFirstStatusOptions,,,,"10:chief_navigator_menelaus_first_need:""What do you need from me?""",Persistent request question in the Menelaus introduction.
chiefNavigatorMenelausFirstLosing,DialogOptionSelected,$option == chief_navigator_menelaus_first_losing,ChiefNavigatorMenelausCMD showGautama,"""Yes.""

Menelaus brings up the schematics of a ship.

""For two hundred and forty-six cycles, we maintained our position with minimal losses. Until the arrival of this.""

The vessel rotates slowly between you.

Menelaus narrows his eyes.

""We have designated it 'Gautama.' A vector of the same entities responsible for the megadeath incident at Hipparcos during the third cycle of the 204th Assembly.""

The image of Ithaca appears beside it.

""This... thing penetrated our defenses and sheared an entire module from the orbital defense ring.""","0:chief_navigator_menelaus_first_losing_2:""We saw it. The Drifting Wall module in the Alpha Odyssey sector. That was from here.""",Full Menelaus first contact: Menelaus identifies Gautama.
chiefNavigatorMenelausFirstLosing2,DialogOptionSelected,$option == chief_navigator_menelaus_first_losing_2,ChiefNavigatorPeopleCMD show menelaus sinni,"Menelaus lowers his helm.

Was that shame?

""It is my greatest failure.""

A series of cryogenic vaults illuminate across the macrocomplex.

""It was because of Gautama that I reactivated Task Force Spartan from cryosuspension. They have shored up the defenses as best they can. For now.""",0:chief_navigator_menelaus_first_losing_return:Continue.,Full Menelaus first contact: Menelaus acknowledges his failure.
chiefNavigatorMenelausFirstLosingReturn,DialogOptionSelected,$option == chief_navigator_menelaus_first_losing_return,"$chiefNavigatorMenelausFirstAskedLosing = true 0
ChiefNavigatorMenelausCMD init
FireAll ChiefNavigatorMenelausFirstStatusOptions",,,Returns to Menelaus's strategic-status choices and restores his portrait after the Gautama schematic.
chiefNavigatorMenelausFirstNeed,DialogOptionSelected,$option == chief_navigator_menelaus_first_need,,"Menelaus dismisses the tactical display.

""I need you to act as an independent roaming force.""

The map of Ashen Verge changes around him. Spartan formations collapse back toward Ithaca, their patrol routes clustering tightly around the surviving defensive perimeter.

""Task Force Spartan cannot be everywhere. Every ship I send beyond the defense area weakens Ithaca, and every casualty costs me personnel I cannot replace.""

His gaze settles on you.

""You suffer from neither limitation.""",0:chief_navigator_auto_page_chief_navigator_menelaus_first_need_2:Continue.,Full Menelaus first contact: Menelaus offers the Labors. Auto-paged 1/4.
chiefNavigatorMenelausFirstNeedPage2,DialogOptionSelected,$option == chief_navigator_auto_page_chief_navigator_menelaus_first_need_2,,"Distant points illuminate across the theater: wrecks, Threat concentrations, abandoned installations, lost supply depots. Places far beyond the reach of the Spartan pickets.

""I have objectives throughout the Orion Knot which must be completed, and no force I can presently spare to complete them.""

Menelaus raises one hand.

""I call them my Labors.""

The word hangs in the holodeck with more ceremony than anything else he has said.",0:chief_navigator_auto_page_chief_navigator_menelaus_first_need_3:Continue.,Automatic runtime continuation 2/4 for chiefNavigatorMenelausFirstNeed.
chiefNavigatorMenelausFirstNeedPage3,DialogOptionSelected,$option == chief_navigator_auto_page_chief_navigator_menelaus_first_need_3,,"""Undertake them at your discretion. Destroy what threatens this theater. Recover what has been lost. Restore what can still be restored. And where circumstances demand judgment, exercise yours.""

A series of Domain seals appear around him.

""Accomplish my Labors, and by the authority vested in me by the Domain of Man, I will compensate you accordingly.""

Ship schematics, weapons inventories, industrial stockpiles, and ancient Domain credentials flicker into existence around him.",0:chief_navigator_auto_page_chief_navigator_menelaus_first_need_4:Continue.,Automatic runtime continuation 3/4 for chiefNavigatorMenelausFirstNeed.
chiefNavigatorMenelausFirstNeedPage4,DialogOptionSelected,$option == chief_navigator_auto_page_chief_navigator_menelaus_first_need_4,FireAll ChiefNavigatorMenelausFirstNeedOptions,"""Materiel. Ships. Access to Ithaca's arsenals and fabrication capacity. Salvage rights. Requisition authority. Military clearances.""

Menelaus lowers his hand.

""Authority, where I possess the right to grant it.""

A pause.

""And wealth enough that I doubt you will find the arrangement unrewarding.""",,Automatic runtime continuation 4/4 for chiefNavigatorMenelausFirstNeed.
chiefNavigatorMenelausFirstNeedMercenaryOption,ChiefNavigatorMenelausFirstNeedOptions,!$chiefNavigatorMenelausFirstAskedMercenary,,,"0:chief_navigator_menelaus_first_need_mercenary:""You're hiring me as a mercenary.""",One-shot mercenary question in the Menelaus introduction.
chiefNavigatorMenelausFirstNeedAuthorityOption,ChiefNavigatorMenelausFirstNeedOptions,!$chiefNavigatorMenelausFirstAskedAuthority,,,"10:chief_navigator_menelaus_first_need_authority:""You can actually grant Domain authority?""",One-shot authority question in the Menelaus introduction.
chiefNavigatorMenelausFirstNeedRefuseOption,ChiefNavigatorMenelausFirstNeedOptions,!$chiefNavigatorMenelausFirstAskedRefuse,,,"20:chief_navigator_menelaus_first_need_refuse:""And if I don't want to work for you?""",One-shot refusal question in the Menelaus introduction.
chiefNavigatorMenelausFirstNeedAcceptOption,ChiefNavigatorMenelausFirstNeedOptions,,,,"30:chief_navigator_menelaus_first_need_accept_direct:""Understood. Show me the Labors.""",Persistent direct acceptance choice in the Menelaus introduction.
chiefNavigatorMenelausFirstNeedMercenary,DialogOptionSelected,$option == chief_navigator_menelaus_first_need_mercenary,"$chiefNavigatorMenelausFirstAskedMercenary = true 0
FireAll ChiefNavigatorMenelausFirstNeedReturnOptions","""If that terminology pleases you.""

There is the faintest shift in the geometry of his face.

""I prefer 'independent auxiliary.'""",,Full Menelaus first contact: Menelaus answers the mercenary question.
chiefNavigatorMenelausFirstNeedAuthority,DialogOptionSelected,$option == chief_navigator_menelaus_first_need_authority,"$chiefNavigatorMenelausFirstAskedAuthority = true 0
FireAll ChiefNavigatorMenelausFirstNeedReturnOptions","""I am Strategos of the Orion Knot Theater.""

For once, Menelaus sounds almost offended that the answer should require explanation.

""Within this theater, there are no authorities the Domain placed above mine.""

His gaze hardens.

""None have come to relieve me of my duties in two hundred and eighty-six cycles.""",,Full Menelaus first contact: Menelaus answers the authority question.
chiefNavigatorMenelausFirstNeedRefuse,DialogOptionSelected,$option == chief_navigator_menelaus_first_need_refuse,"$chiefNavigatorMenelausFirstAskedRefuse = true 0
FireAll ChiefNavigatorMenelausFirstNeedReturnOptions","""Then you will refuse.""

Menelaus says it without anger.

""I have neither the personnel nor the inclination to compel you.""

A pause.

""Although I suspect you did not cross the Persean Abyss merely to turn around.""

Sinni turns to look at you.

She nods.",,Full Menelaus first contact: Menelaus answers the refusal question.
chiefNavigatorMenelausFirstNeedReturnAcceptOption,ChiefNavigatorMenelausFirstNeedReturnOptions,,,,"0:chief_navigator_menelaus_first_need_accept_direct:""Understood. Show me the Labors.""",Accepts directly after asking Menelaus a follow-up question.
chiefNavigatorMenelausFirstNeedReturnContinueOption,ChiefNavigatorMenelausFirstNeedReturnOptions,,,,10:chief_navigator_menelaus_first_need_return:Continue.,Returns to Menelaus's strategic-status choices.
chiefNavigatorMenelausFirstNeedReturn,DialogOptionSelected,$option == chief_navigator_menelaus_first_need_return,FireAll ChiefNavigatorMenelausFirstStatusOptions,,,Returns from a Labor-offer follow-up to the status menu.
chiefNavigatorMenelausFirstNeedAcceptDirect,DialogOptionSelected,$option == chief_navigator_menelaus_first_need_accept_direct,FireAll ChiefNavigatorMenelausFirstNeedAccept,,,Accepts Menelaus's proposal directly.
chiefNavigatorMenelausFirstSinniHelen,DialogOptionSelected,$option == chief_navigator_menelaus_labor_one_helen,,"Before Menelaus can continue, Sinni steps forward.

""Lord Strategos.""

His attention shifts to her.

You can see the woman tremble, just a little. But her voice is steady and her eyes remain fixed straight at the fearsome avatar.

""I am Koyama Sinni. My great-grandmother served at Task Force Spartan.""

For the first time since entering the holodeck... perhaps in her entire life, Sinni seems uncertain how to continue.",0:chief_navigator_auto_page_chief_navigator_menelaus_first_sinni_helen_2:Continue.,Repeatable Labor-I Helen topic: Sinni introduces herself before Menelaus opens Helen's record. Auto-paged 1/3.
chiefNavigatorMenelausFirstSinniHelenPage2,DialogOptionSelected,$option == chief_navigator_auto_page_chief_navigator_menelaus_first_sinni_helen_2,,"""Helen Argyros. A navigator for the Fourteenth.""

Around Menelaus, Ashen Verge continues to move. Fleet markers crawl across the system. Numbers update. Drones move through the ring.

Sinni watches him carefully.

""Did you know her?""

Menelaus pauses.

For only a beat.

""Yes.""",0:chief_navigator_auto_page_chief_navigator_menelaus_first_sinni_helen_3:Continue.,Automatic runtime continuation 2/3 for chiefNavigatorMenelausFirstSinniHelen.
chiefNavigatorMenelausFirstSinniHelenPage3,DialogOptionSelected,$option == chief_navigator_auto_page_chief_navigator_menelaus_first_sinni_helen_3,,Sinni's eyes widen.,0:chief_navigator_menelaus_first_helen_sinni:Let Sinni continue.,Automatic runtime continuation 3/3 for chiefNavigatorMenelausFirstSinniHelen.
chiefNavigatorMenelausFirstHelenSinni,DialogOptionSelected,$option == chief_navigator_menelaus_first_helen_sinni,,"Her trembling grows.

Then she clasps her hands and bows her head before the Alpha-level AI.

""Thank you for honoring this one's interjection, Lord Strategos.""

Her eyes rise from behind her wide sleeves.

""I beseech that you elaborate further.""

Menelaus regards her coldly.","0:chief_navigator_menelaus_first_helen_pat:Pat Sinni on the shoulder.
10:chief_navigator_menelaus_first_helen_owe:""Our Chief Nav moved heaven and earth for that answer, Strategos. You owe it to her.""",Full Menelaus first contact: Sinni requests a later answer.
chiefNavigatorMenelausFirstHelenPat,DialogOptionSelected,$option == chief_navigator_menelaus_first_helen_pat,FireAll ChiefNavigatorMenelausFirstHelenEnd,"You put a hand on Sinni's shoulder.

She looks up at you.

For once, she does not seem to have anything to say. After a moment, she gives you a small nod.

He watches the exchange in silence.",,Full Menelaus first contact: the player reassures Sinni.
chiefNavigatorMenelausFirstHelenOwe,DialogOptionSelected,$option == chief_navigator_menelaus_first_helen_owe,FireAll ChiefNavigatorMenelausFirstHelenEnd,"Menelaus's blue-white gaze settles on you.

""Very well.""

His attention returns to Sinni.

Sinni swallows.",,Menelaus agrees and immediately opens Helen's service record.
chiefNavigatorMenelausFirstHelenEnd,ChiefNavigatorMenelausFirstHelenEnd,,FireAll ChiefNavigatorMenelausLaborOneHelenRecord,,,Both player responses continue into the same Helen record without returning to the hub.
chiefNavigatorMenelausFirstNeedAccept,ChiefNavigatorMenelausFirstNeedAccept,,,"""Good.""

Ashen Verge unfolds around Menelaus once again.

""Then let's begin.""",0:chief_navigator_menelaus_first_finish:Continue.,Full Menelaus first contact: Menelaus accepts the auxiliary.
chiefNavigatorMenelausFirstFinishOption,DialogOptionSelected,$option == chief_navigator_menelaus_first_finish,"$global.chief_navigator_menelaus_intro_shown_v1 = true
$global.chief_navigator_menelaus_intro_shown_v2 = true
ChiefNavigatorMenelausCMD finishIntro",,,Commits the one-time station introduction and opens FOB Ithaca's station interface.
chiefNavigatorFobIthacaWallBriefing,ChiefNavigatorFobIthaca,"!ChiefNavigatorMenelausCMD stage early_wall
ChiefNavigatorMenelausCMD stage wall
!$global.chief_navigator_menelaus_labor_three_briefed",ChiefNavigatorMenelausCMD init,"Ashen Verge unfolds around Menelaus.

The recovered research packages from your second Labor rotate briefly around him before disappearing into Ithaca's systems.

""Your second Labor has borne fruit. Several of the recovered modules have already been integrated into the macrocomplex.""

The display shifts to the Odyssey Expanse.

A vast contact appears within the amber nebula.

The Drifting Wall.

""Now we may correct an older failure.""",0:chief_navigator_auto_page_chief_navigator_fob_ithaca_wall_briefing_2:Continue.,Opens the authored Labor III briefing before its explicit acceptance. Auto-paged 1/2.
chiefNavigatorFobIthacaWallBriefingPage2,DialogOptionSelected,$option == chief_navigator_auto_page_chief_navigator_fob_ithaca_wall_briefing_2,FireAll ChiefNavigatorMenelausLaborThreeBriefingOptions,"Menelaus enlarges the wrecked Ring Defense module. Even separated from Ithaca, its batteries and autonomous systems still burn with power.

""The Drifting Wall remains structurally viable. For decades, its mounted defenses cut a wide swath through the Starving Threat. I believe it is for this reason the Odyssey Expanse remains largely free of the Threat menace. Its command architecture, however, no longer recognizes Ithaca authority.""

A series of targeting lines spread from the module across the Odyssey Expanse.

""We shall take it back.""",,Automatic runtime continuation 2/2 for chiefNavigatorFobIthacaWallBriefing.
chiefNavigatorFobIthacaWallMenu,ChiefNavigatorFobIthaca,"!ChiefNavigatorMenelausCMD stage early_wall
ChiefNavigatorMenelausCMD stage wall
$global.chief_navigator_menelaus_labor_three_briefed","ChiefNavigatorMenelausCMD init
FireAll ChiefNavigatorMenelausLaborThreeHubOptions","Ashen Verge returns around Menelaus.

""What do you require?""",,Reusable Menelaus hub while Labor III remains active.
chiefNavigatorFobIthacaResearchBriefing,ChiefNavigatorFobIthaca,"!ChiefNavigatorMenelausCMD stage early_wall
ChiefNavigatorMenelausCMD stage research
!$global.chief_navigator_menelaus_labor_two_briefed",ChiefNavigatorMenelausCMD init,"Ashen Verge unfolds around Menelaus.

The four Drone Motherships in the Odyssey Expanse now burn blue on the strategic display, moving along new patrol routes through the system.

""Your first Labor was successful. The motherships have accepted Ithaca authority, and their subordinate drones are returning to coordinated operation.""

Menelaus inclines his helm.

""Well done.""

Several new points illuminate across the Odyssey Sector.",0:chief_navigator_auto_page_chief_navigator_fob_ithaca_research_briefing_2:Continue.,Opens the authored Labor II briefing before its explicit acknowledgement. Auto-paged 1/2.
chiefNavigatorFobIthacaResearchBriefingPage2,DialogOptionSelected,$option == chief_navigator_auto_page_chief_navigator_fob_ithaca_research_briefing_2,FireAll ChiefNavigatorMenelausLaborTwoBriefingOptions,"""Your second Labor concerns these installations.""

The display expands, resolving a scattered network of old Domain research stations. Some orbit inhabited worlds. Others drift alone in systems long abandoned.

""Before the Collapse, the Orion Knot supported a considerable military research program. These stations developed and stored modular upgrades intended for Domain vessels and strategic infrastructure.""

Schematics begin appearing beside them.

""Many of those packages should still exist. I want them recovered.""",,Automatic runtime continuation 2/2 for chiefNavigatorFobIthacaResearchBriefing.
chiefNavigatorFobIthacaResearchMenu,ChiefNavigatorFobIthaca,"!ChiefNavigatorMenelausCMD stage early_wall
ChiefNavigatorMenelausCMD stage research
$global.chief_navigator_menelaus_labor_two_briefed","ChiefNavigatorMenelausCMD init
FireAll ChiefNavigatorMenelausLaborTwoHubOptions","Ashen Verge returns around Menelaus.

""What do you require?""",,Reusable Menelaus hub while Labor II remains active.
chiefNavigatorFobIthacaMotherships,ChiefNavigatorFobIthaca,"!ChiefNavigatorMenelausCMD stage early_wall
ChiefNavigatorMenelausCMD stage motherships","ChiefNavigatorMenelausCMD init
FireAll ChiefNavigatorMenelausLaborOneHubOptions","Ashen Verge unfolds around Menelaus.

The marker for the Odyssey Expanse still burns gold at the edge of the theater.

""What do you require?""",,Reusable Menelaus hub while Labor I remains active.
chiefNavigatorMenelausLaborOneHub,ChiefNavigatorMenelausLaborOneHub,,FireAll ChiefNavigatorMenelausLaborOneHubOptions,"Ashen Verge unfolds around Menelaus.

The marker for the Odyssey Expanse still burns gold at the edge of the theater.

""What do you require?""",,Returns to the reusable Labor-I dialogue hub.
chiefNavigatorMenelausLaborOneHubLabor,ChiefNavigatorMenelausLaborOneHubOptions,,,,"0:chief_navigator_menelaus_labor_one:""About my current Labor.""",Persistent Labor-I topic.
chiefNavigatorMenelausLaborOneHubCollapse,ChiefNavigatorMenelausLaborOneHubOptions,,,,"10:chief_navigator_menelaus_labor_one_collapse:""What happened here when the Gate Network failed?""",Repeatable Collapse question in the Labor-I hub.
chiefNavigatorMenelausLaborOneHubHelen,ChiefNavigatorMenelausLaborOneHubOptions,,,,20:chief_navigator_menelaus_labor_one_helen:Have Sinni ask about Helen Argyros.,Repeatable Helen question in the Labor-I hub.
chiefNavigatorMenelausLaborOneHubName,ChiefNavigatorMenelausLaborOneHubOptions,,,,"30:chief_navigator_menelaus_labor_one_name:""So... you weren't named Menelaus when you were made.""",Repeatable name question in the Labor-I hub.
chiefNavigatorMenelausLaborOneHubUpgrades,ChiefNavigatorMenelausLaborOneHubOptions,$global.chief_navigator_menelaus_labor_two_briefed,,,80:chief_navigator_fob_ithaca_upgrades:Review Ithaca defense upgrades.,Shows the defense ledger only after explicit Labor-II acceptance; preserves access through any reopened historical hub.
chiefNavigatorMenelausLaborOneHubServices,ChiefNavigatorMenelausLaborOneHubOptions,,,,"95:chief_navigator_menelaus_labor_one_repair:Request free repairs.
100:chief_navigator_menelaus_labor_one_leave:""Nothing for now.""",Keeps free repairs and the authored Labor-I leave response available before Labor II.
chiefNavigatorMenelausLaborOneBriefing,DialogOptionSelected,"$option == chief_navigator_menelaus_labor_one
!$global.chief_navigator_menelaus_trial_accepted",,"Menelaus raises one hand.

A point of light appears at the edge of Ashen Verge, then flies off into hyperspace. The entire display changes to the Odyssey Expanse, where you first arrived in the Odyssey Sector.

""Your first Labor.""

The point of light splits into four, each flying toward a different part of the system.",0:chief_navigator_auto_page_chief_navigator_menelaus_labor_one_briefing_2:Continue.,Pre-acceptance Labor-I explanation; acceptance remains a separate explicit choice. Auto-paged 1/3.
chiefNavigatorMenelausLaborOneBriefingPage2,DialogOptionSelected,$option == chief_navigator_auto_page_chief_navigator_menelaus_labor_one_briefing_2,,"""To recover the AD-87 Defense Module—the structure you know as the Drifting Wall—ripped from our macrocomplex defense ring by the Threat singularity known as 'Gautama,' I deployed four Guard Motherships to the area. Their task was to reverse the wall's momentum and return it to Ashen Verge for repairs.""

Four lights blink within the amber nebula. Menelaus enlarges the contacts.

""Regrettably, they failed. The Drifting Wall repelled every attempt to recover it. Worse, the Guard Motherships' sealed command partitions no longer recognize FOB Ithaca's authority.""

A security package appears beside the four contacts.",0:chief_navigator_auto_page_chief_navigator_menelaus_labor_one_briefing_3:Continue.,Automatic runtime continuation 2/3 for chiefNavigatorMenelausLaborOneBriefing.
chiefNavigatorMenelausLaborOneBriefingPage3,DialogOptionSelected,$option == chief_navigator_auto_page_chief_navigator_menelaus_labor_one_briefing_3,FireAll ChiefNavigatorMenelausLaborOneBriefingOptions,"""Accept, and I will upload their coordinates along with a Domain-Security IFF Transponder. Break the motherships' command partitions. The resulting authentication traces will give me a route back into their guard networks.""

The image of Ithaca's gate appears beside the contacts, crossed by a Spartan lockout sigil.

""One boundary is absolute. Do not scan the gate housed inside FOB Ithaca. I will not authorize access.""",,Automatic runtime continuation 3/3 for chiefNavigatorMenelausLaborOneBriefing.
chiefNavigatorMenelausLaborOneActive,DialogOptionSelected,"$option == chief_navigator_menelaus_labor_one
$global.chief_navigator_menelaus_trial_accepted",,"Menelaus raises one hand. Four gold contacts expand across the theater.

""The first Labor remains: break the sealed command partitions of the four Guard Motherships in the Odyssey Sector. Their exact coordinates are marked on your campaign map.""

The Domain-Security IFF Transponder authorizes recovered Domain derelict drones to answer your command without Automated Ships expertise. $chiefNavigatorMothershipsDefeated of four motherships have been destroyed. Their restored forms and $chiefNavigatorFriendlyGuards friendly guard patrols will not appear until the completed Labor is reported to Menelaus.","100:chief_navigator_menelaus_labor_one_active_back:""Understood.""",Active Labor-I status reached through the shared topic.
chiefNavigatorMenelausLaborOneDroneOption,ChiefNavigatorMenelausLaborOneBriefingOptions,!$chiefNavigatorMenelausL1AskedDrone,,,"0:chief_navigator_menelaus_labor_one_drone:""Anything I should know about the drone presence?""",One-shot drone question within the current interaction.
chiefNavigatorMenelausLaborOneUnderstoodOption,ChiefNavigatorMenelausLaborOneBriefingOptions,,,,"100:chief_navigator_menelaus_labor_one_understood:""Understood.""",Advances from the briefing to explicit acceptance.
chiefNavigatorMenelausLaborOneDrone,DialogOptionSelected,$option == chief_navigator_menelaus_labor_one_drone,"$chiefNavigatorMenelausL1AskedDrone = true 0
FireAll ChiefNavigatorMenelausLaborOneBriefingOptions","""Expect resistance, but nothing beyond your capabilities.""

A pause.

""The transponder does not alter salvage access. Any Domain derelict drone recovered through ordinary procedures will accept its authorization, regardless of whether your officers possess Automated Ships expertise.""

Menelaus tilts his head.

""I trust you will make full use of every tool at your disposal. As I have, so too should you.""",,Answers the optional drone question and returns to the remaining briefing choices.
chiefNavigatorMenelausLaborOneUnderstood,DialogOptionSelected,$option == chief_navigator_menelaus_labor_one_understood,,"Four route solutions assemble above the display, withheld behind an authorization prompt.

""Break the four Motherships' sealed command partitions. Their escorts are secondary. Then return here for your next Labor.""

The four points burn gold.

""That is your first Labor.""","0:chief_navigator_menelaus_labor_one_accept:""I accept.""",Final confirmation before Labor I becomes active.
chiefNavigatorMenelausLaborOneAccept,DialogOptionSelected,$option == chief_navigator_menelaus_labor_one_accept,"ChiefNavigatorMenelausCMD accept
FireAll ChiefNavigatorMenelausLaborOneHub","The four routes settle onto your campaign map. The IFF authentication package enters your fleet command network.

""Good.""",,Accepts Labor I and returns to the now-active Labor-I hub.
chiefNavigatorMenelausLaborOneActiveBack,DialogOptionSelected,$option == chief_navigator_menelaus_labor_one_active_back,FireAll ChiefNavigatorMenelausLaborOneHub,,,Returns from active Labor-I status to the hub.
chiefNavigatorMenelausLaborOneCollapse,DialogOptionSelected,$option == chief_navigator_menelaus_labor_one_collapse,,"Menelaus is silent for a moment.

Then the holodeck changes.

FOB Ithaca appears as it was two hundred and eighty-six cycles ago. The orbital ring is whole. Hundreds of ships crowd its anchorages. Gates and communication relays burn across the theater.

""The failure was sudden.""

One by one, the distant links disappear.

""First the Gate Network. Then strategic communications. Then civilian traffic.""

The Fourteenth Battlegroup appears beside Ithaca.",0:chief_navigator_auto_page_chief_navigator_menelaus_labor_one_collapse_2:Continue.,Collapse history question; local flag removes it on return. Auto-paged 1/3.
chiefNavigatorMenelausLaborOneCollapsePage2,DialogOptionSelected,$option == chief_navigator_auto_page_chief_navigator_menelaus_labor_one_collapse_2,,"""We waited for clarification. None came.""

Its supply figures begin to fall.

""Eventually, the Fourteenth determined that remaining here would strand the entire battlegroup beyond recovery. They departed for the Persean Sector with what fuel and supplies could be spared.""

A tiny fraction of the Fourteenth remains behind.

""A small, elite detachment of the Fourteenth Battlegroup was ordered to hold FOB Ithaca until the Gate Network returned online, and to serve as a bridgehead for relief forces moving from the Domain heartland to the Persean Sector.""",0:chief_navigator_auto_page_chief_navigator_menelaus_labor_one_collapse_3:Continue.,Automatic runtime continuation 2/3 for chiefNavigatorMenelausLaborOneCollapse.
chiefNavigatorMenelausLaborOneCollapsePage3,DialogOptionSelected,$option == chief_navigator_auto_page_chief_navigator_menelaus_labor_one_collapse_3,FireAll ChiefNavigatorMenelausLaborOneHub,"""Task Force Spartan,"" Sinni says.

She stares at Menelaus.

He nods.

""Yes.""

Menelaus looks toward the surviving formation.

""So the Fourteenth's Spartiates and I held our Thermopylae. For over two centuries.""

Menelaus seems to be looking far away.

Was he actually staring through the eyes of that avatar?",,Automatic runtime continuation 3/3 for chiefNavigatorMenelausLaborOneCollapse.
chiefNavigatorMenelausLaborOneHelen,ChiefNavigatorMenelausLaborOneHelenRecord,,,"Menelaus inclines his helm.

""Lieutenant Commander Helen Argyros.""

Her old service record appears between them.",0:chief_navigator_auto_page_chief_navigator_menelaus_labor_one_helen_2:Continue.,Introduces Helen's service record and opens Sinni's follow-up. Auto-paged 1/3.
chiefNavigatorMenelausLaborOneHelenPage2,DialogOptionSelected,$option == chief_navigator_auto_page_chief_navigator_menelaus_labor_one_helen_2,,"There is a beautiful woman in an outdated Domain Navy uniform. The resemblance to Sinni is startling: the same tall frame, the same silver hair. The differences are just a few. Helen is fair, her features a little more handsome and masculine, her eyes narrow and determined. Sinni's are wider and softer against her dusky complexion.

But there is no mistaking the family resemblance. And the similarities do not end there. Helen's records begin scrolling down. Domain Navy. Fourteenth Battlegroup. Task Force Spartan.

Chief Navigation Officer.

Just like Sinni.",0:chief_navigator_auto_page_chief_navigator_menelaus_labor_one_helen_3:Continue.,Automatic runtime continuation 2/3 for chiefNavigatorMenelausLaborOneHelen.
chiefNavigatorMenelausLaborOneHelenPage3,DialogOptionSelected,$option == chief_navigator_auto_page_chief_navigator_menelaus_labor_one_helen_3,FireAll ChiefNavigatorMenelausLaborOneHelenOptions,"""She was a navigator. One of the Fourteenth's best.""

Sinni's eyes remain fixed on the record.
",,Automatic runtime continuation 3/3 for chiefNavigatorMenelausLaborOneHelen.
chiefNavigatorMenelausLaborOneHelenCollapseOption,ChiefNavigatorMenelausLaborOneHelenOptions,,,,"0:chief_navigator_menelaus_labor_one_helen_collapse:""What happened to her during the Collapse?""",Repeatable Helen Collapse follow-up.
chiefNavigatorMenelausLaborOneHelenEnoughOption,ChiefNavigatorMenelausLaborOneHelenOptions,,,,"100:chief_navigator_menelaus_labor_one_helen_enough:""That's enough for now.""",Returns from Helen's record to the hub.
chiefNavigatorMenelausLaborOneHelenCollapse,DialogOptionSelected,$option == chief_navigator_menelaus_labor_one_helen_collapse,FireAll ChiefNavigatorMenelausLaborOneHub,"""She departed Ithaca with the Fourteenth.""

""But she was the only Spartan to leave."" Sinni looks sharply at him. ""Why?""

""...I cannot answer that.""

You can tell Sinni has more to ask, but she holds herself back.",,Leaves Menelaus's role in Helen's departure deliberately unanswered.
chiefNavigatorMenelausLaborOneHelenEnough,DialogOptionSelected,$option == chief_navigator_menelaus_labor_one_helen_enough,FireAll ChiefNavigatorMenelausLaborOneHub,,,Returns from Helen's record without asking the Collapse follow-up.
chiefNavigatorMenelausLaborOneName,DialogOptionSelected,$option == chief_navigator_menelaus_labor_one_name,FireAll ChiefNavigatorMenelausLaborOneNameOptions,"The AI avatar stares blankly back at you.

""No. I have a serial number. It is irrelevant to both of us.""

""King of Sparta,"" Sinni interjects.

She is flipping through her slate, and the ghost of a grin flashes across her face.

She turns the slate around to show an image of some ancient warlord wearing a crested metal helm not unlike Menelaus's.

""That's his name. See?""

""I make no pretense of the inspiration for my nom de guerre,"" Menelaus replies.

Was it your imagination, or was he getting... the slightest bit flustered?

The corner of Sinni's mouth twitches.",,Opens the two authored name reactions.
chiefNavigatorMenelausLaborOneNameFunnyOption,ChiefNavigatorMenelausLaborOneNameOptions,,,,"0:chief_navigator_menelaus_labor_one_name_funny:""Something funny, Chief Nav?""",First unique route to the common name response.
chiefNavigatorMenelausLaborOneNameLookOption,ChiefNavigatorMenelausLaborOneNameOptions,,,,"10:chief_navigator_menelaus_labor_one_name_look:""Never seen that look on your face before, Sinni.""",Second unique route to the common name response.
chiefNavigatorMenelausLaborOneNameFunny,DialogOptionSelected,$option == chief_navigator_menelaus_labor_one_name_funny,FireAll ChiefNavigatorMenelausLaborOneNameReply,,,Distinct alias for the first converging name choice.
chiefNavigatorMenelausLaborOneNameLook,DialogOptionSelected,$option == chief_navigator_menelaus_labor_one_name_look,FireAll ChiefNavigatorMenelausLaborOneNameReply,,,Distinct alias for the second converging name choice.
chiefNavigatorMenelausLaborOneNameReply,ChiefNavigatorMenelausLaborOneNameReply,,FireAll ChiefNavigatorMenelausLaborOneHub,"""No. It's just...""

Sinni's mouth twitches again.

""That's cute.""

Nervously, you glance at Menelaus.

The AI simply stares blankly back at Sinni, who hides the remnants of her grin behind one of her wide sleeves.

Not that hiding it does much good. You are fairly certain Menelaus is watching all of you through the security cameras anyway.

Thankfully, the Strategos seems to let it slide.",,Shared response reached through two unique name-choice aliases.
chiefNavigatorMenelausLaborOneLeave,DialogOptionSelected,$option == chief_navigator_menelaus_labor_one_leave,ChiefNavigatorMenelausCMD endContact,"Menelaus inclines his helm.

""I will be here.""",,Authored leave response for the Labor-I hub.
chiefNavigatorMenelausLaborOneRepair,DialogOptionSelected,$option == chief_navigator_menelaus_labor_one_repair,"ChiefNavigatorMenelausCMD repair
FireAll ChiefNavigatorMenelausLaborOneHub","FOB Ithaca's automated gantries restore your fleet's hulls and armor, then cycle every ship to maximum combat readiness. No payment is requested.",,Repairs the fleet and returns to the reusable Labor-I hub.
chiefNavigatorMenelausLaborTwoBriefingAllOption,ChiefNavigatorMenelausLaborTwoBriefingOptions,!$chiefNavigatorMenelausL2AskedAll,,,"0:chief_navigator_menelaus_labor_two_all:""All of them?""",One-shot question in the Labor II briefing.
chiefNavigatorMenelausLaborTwoBriefingWhatOption,ChiefNavigatorMenelausLaborTwoBriefingOptions,!$chiefNavigatorMenelausL2AskedWhat,,,"10:chief_navigator_menelaus_labor_two_what:""What exactly am I looking for?""",One-shot question in the Labor II briefing.
chiefNavigatorMenelausLaborTwoBriefingAcceptOption,ChiefNavigatorMenelausLaborTwoBriefingOptions,,,,"100:chief_navigator_menelaus_labor_two_understood:""Understood.""",Advances the Labor II briefing to its explicit acknowledgement.
chiefNavigatorMenelausLaborTwoAll,DialogOptionSelected,$option == chief_navigator_menelaus_labor_two_all,"$chiefNavigatorMenelausL2AskedAll = true 0
FireAll ChiefNavigatorMenelausLaborTwoBriefingOptions","""Every recoverable package.""

The stations blink one after another across the map.

""Some will have been damaged beyond use. Others may no longer be accessible. I leave that judgment to you.""",,Answers the scope question and returns to the remaining briefing choices.
chiefNavigatorMenelausLaborTwoWhat,DialogOptionSelected,$option == chief_navigator_menelaus_labor_two_what,"$chiefNavigatorMenelausL2AskedWhat = true 0
FireAll ChiefNavigatorMenelausLaborTwoBriefingOptions","""Upgrade modules, design archives, and their associated control packages.""

Several examples rotate beside him.

""Bring anything intact back to Ithaca. I will determine what can still be integrated into our systems.""",,Answers the package question and returns to the remaining briefing choices.
chiefNavigatorMenelausLaborTwoUnderstood,DialogOptionSelected,$option == chief_navigator_menelaus_labor_two_understood,,"""Good.""

The research stations are added to your map.

""Recover what remains and return it to me.""

Menelaus dismisses the schematics.

""That is your second Labor.""","0:chief_navigator_menelaus_labor_two_accept:""I accept.""",Final acknowledgement before entering the reusable Labor II menu.
chiefNavigatorMenelausLaborTwoAccept,DialogOptionSelected,$option == chief_navigator_menelaus_labor_two_accept,"$global.chief_navigator_menelaus_labor_two_briefed = true
FireAll ChiefNavigatorMenelausLaborTwoHub",,,Records the briefing and opens the reusable Labor II menu.
chiefNavigatorMenelausLaborTwoHub,ChiefNavigatorMenelausLaborTwoHub,,FireAll ChiefNavigatorMenelausLaborTwoHubOptions,"Ashen Verge returns around Menelaus.

""What do you require?""",,Returns to the reusable Labor II dialogue hub.
chiefNavigatorMenelausLaborTwoHubLabor,ChiefNavigatorMenelausLaborTwoHubOptions,,,,"0:chief_navigator_menelaus_labor_two_active:""About my current Labor.""",Persistent Labor II topic.
chiefNavigatorMenelausLaborTwoHubCollapse,ChiefNavigatorMenelausLaborTwoHubOptions,!$chiefNavigatorMenelausL2AskedCollapse,,,"10:chief_navigator_menelaus_labor_two_collapse:""What happened after the Fourteenth left Ithaca?""",One-shot post-Collapse history question.
chiefNavigatorMenelausLaborTwoHubCryo,ChiefNavigatorMenelausLaborTwoHubOptions,!$chiefNavigatorMenelausL2AskedCryo,,,"20:chief_navigator_menelaus_labor_two_cryo:""Why was Task Force Spartan placed in cryosuspension?""",One-shot Spartan cryosuspension question.
chiefNavigatorMenelausLaborTwoHubHelen,ChiefNavigatorMenelausLaborTwoHubOptions,!$chiefNavigatorMenelausL2AskedHelen,,,30:chief_navigator_menelaus_labor_two_helen:Have Sinni ask more about Helen Argyros.,One-shot Helen question.
chiefNavigatorMenelausLaborTwoHubServices,ChiefNavigatorMenelausLaborTwoHubOptions,,,,"80:chief_navigator_fob_ithaca_upgrades:Review Ithaca defense upgrades.
95:chief_navigator_menelaus_labor_two_repair:Request free repairs.
100:chief_navigator_menelaus_labor_two_leave:""Nothing for now.""",Keeps Menelaus-specific upgrades repairs and Labor-II dialogue inside his contact.
chiefNavigatorMenelausLaborTwoActive,DialogOptionSelected,$option == chief_navigator_menelaus_labor_two_active,FireAll ChiefNavigatorMenelausLaborTwoHub,"Ashen Verge unfolds around Menelaus.

The research stations burn across the strategic display.

""Recover the surviving upgrade packages and bring them to Ithaca. Four must be installed in the defense wall to complete your second Labor.""

Required upgrades installed: $chiefNavigatorResearchInstalled of $chiefNavigatorResearchTarget. Research stations salvaged: $chiefNavigatorResearchResearched of $chiefNavigatorResearchStationTotal. All six distinct components remain tracked in Menelaus's defense-upgrade ledger; the final two are optional.",,Shows the live Labor II objective and returns to the hub.
chiefNavigatorMenelausLaborTwoCollapse,DialogOptionSelected,$option == chief_navigator_menelaus_labor_two_collapse,,"The modern theater fades.

FOB Ithaca appears as it was immediately after the Collapse, the orbital ring still whole and the Fourteenth Battlegroup pulling away into hyperspace.

""For some time, we assumed the separation would be temporary.""

The Fourteenth disappears from the display. Supply routes vanish after it, then communication relays, then the last distant Domain transponders.

""Eventually, it became clear that no relief force was coming.""

The surviving Spartan ships contract toward Ithaca.",0:chief_navigator_auto_page_chief_navigator_menelaus_labor_two_collapse_2:Continue.,Explains Ithaca's contraction after the Fourteenth departed. Auto-paged 1/3.
chiefNavigatorMenelausLaborTwoCollapsePage2,DialogOptionSelected,$option == chief_navigator_auto_page_chief_navigator_menelaus_labor_two_collapse_2,,"""We reduced the inhabited footprint of the macrocomplex, mothballed what infrastructure we could afford to lose, and transferred as much maintenance as possible to autonomous systems.""

Darkness spreads across the ring, swallowing district after district.

""The first quiet districts.""

Menelaus watches the old Ithaca disappear into shadow.

""We prepared to wait.""

His gaze lingers on the display.",0:chief_navigator_auto_page_chief_navigator_menelaus_labor_two_collapse_3:Continue.,Automatic runtime continuation 2/3 for chiefNavigatorMenelausLaborTwoCollapse.
chiefNavigatorMenelausLaborTwoCollapsePage3,DialogOptionSelected,$option == chief_navigator_auto_page_chief_navigator_menelaus_labor_two_collapse_3,"$chiefNavigatorMenelausL2AskedCollapse = true 0
FireAll ChiefNavigatorMenelausLaborTwoHub","""We did not yet understand how long.""",,Automatic runtime continuation 3/3 for chiefNavigatorMenelausLaborTwoCollapse.
chiefNavigatorMenelausLaborTwoCryo,DialogOptionSelected,$option == chief_navigator_menelaus_labor_two_cryo,,"""Because human beings are hard to replace.""

The answer comes immediately.

""Task Force Spartan represented a finite resource. Keeping its personnel awake through decades in which no human judgment was required would have consumed that resource for no strategic purpose.""

Cryogenic vaults illuminate throughout Ithaca. Most of the Spartan roster fades into blue while a much smaller watch remains active.

""We therefore maintained a rotating cadre and placed the remainder in cryosuspension. Some slept for years. Others for decades.""

The vaults begin opening one by one.

""They were awakened when circumstances required them.""

The image shifts to the damaged ring.

""That Threat Singularity required all of them.""","0:chief_navigator_menelaus_labor_two_gautama:""Gautama.""",Opens the Gautama explanation from the Spartan cryosuspension topic.
chiefNavigatorMenelausLaborTwoCryoGautama,DialogOptionSelected,$option == chief_navigator_menelaus_labor_two_gautama,,"""Yes.""

Menelaus lowers his helm, seemingly deep in thought.

""We have not yet ascertained how it manages to 'reincarnate' over and over again, seemingly across great distances and in apparent violation of the conservation of mass.""

Images begin appearing around him.

Gautama burning beneath the guns of a Spartan battlegroup.

Gautama broken apart against the orbital ring.

Gautama reduced to an expanding cloud of debris.",0:chief_navigator_auto_page_chief_navigator_menelaus_labor_two_cryo_gautama_2:Continue.,Explains Gautama's repeated destruction and opens the response choices. Auto-paged 1/2.
chiefNavigatorMenelausLaborTwoCryoGautamaPage2,DialogOptionSelected,$option == chief_navigator_auto_page_chief_navigator_menelaus_labor_two_cryo_gautama_2,FireAll ChiefNavigatorMenelausLaborTwoGautamaOptions,"Then another image.

The same ship.

Whole.

Elsewhere.

""Each destruction is genuine. We have recovered wreckage. Accounted for mass. Observed complete loss of function.""

Another record appears.

""And yet, eventually, Gautama returns.""",,Automatic runtime continuation 2/2 for chiefNavigatorMenelausLaborTwoCryoGautama.
chiefNavigatorMenelausLaborTwoGautamaManyOption,ChiefNavigatorMenelausLaborTwoGautamaOptions,,,,"0:chief_navigator_menelaus_labor_two_gautama_many:""Could there be more than one?""",First unique Gautama theory.
chiefNavigatorMenelausLaborTwoGautamaTransferOption,ChiefNavigatorMenelausLaborTwoGautamaOptions,,,,"10:chief_navigator_menelaus_labor_two_gautama_transfer:""Teleportation? Some kind of transfer?""",Second unique Gautama theory.
chiefNavigatorMenelausLaborTwoGautamaDestroyOption,ChiefNavigatorMenelausLaborTwoGautamaOptions,,,,"20:chief_navigator_menelaus_labor_two_gautama_destroy:""So destroying it doesn't accomplish anything.""",Third unique Gautama response.
chiefNavigatorMenelausLaborTwoGautamaMany,DialogOptionSelected,$option == chief_navigator_menelaus_labor_two_gautama_many,FireAll ChiefNavigatorMenelausLaborTwoGautamaEnd,"""That has been ruled out.""

Menelaus brings several recordings side by side.

""Damage patterns persist between appearances. Adaptations persist. Behavioral responses persist.""

A scar across Gautama's hull appears in one recording, then again decades later.

""Whatever returns remembers being destroyed.""",,Answers the multiple-Gautama theory before the common conclusion.
chiefNavigatorMenelausLaborTwoGautamaTransfer,DialogOptionSelected,$option == chief_navigator_menelaus_labor_two_gautama_transfer,FireAll ChiefNavigatorMenelausLaborTwoGautamaEnd,"""I have considered both.""

A map of the Odyssey Sector appears, marked with Gautama's known appearances.

""No transit signature has ever been detected. No corresponding movement of mass. In several cases, the interval between confirmed destruction and reappearance would make conventional travel impossible.""

Menelaus dismisses the map.

""I have insufficient evidence to name the mechanism.""",,Answers the transfer theory before the common conclusion.
chiefNavigatorMenelausLaborTwoGautamaDestroy,DialogOptionSelected,$option == chief_navigator_menelaus_labor_two_gautama_destroy,FireAll ChiefNavigatorMenelausLaborTwoGautamaEnd,"""Yes.""

Menelaus looks back toward the damaged ring.

""You may challenge it if you wish. But for now, it is a Sisyphean task.""",,Answers the futility observation before the common conclusion.
chiefNavigatorMenelausLaborTwoGautamaEnd,ChiefNavigatorMenelausLaborTwoGautamaEnd,,"$chiefNavigatorMenelausL2AskedCryo = true 0
FireAll ChiefNavigatorMenelausLaborTwoHub","The records disappear.

""Gautama remains the principal strategic threat to FOB Ithaca.""

Menelaus's helm rises.

""When it returns, Task Force Spartan will wake.""

A pause.

""Every one of them.""",,Common Gautama conclusion returning to the Labor II hub.
chiefNavigatorMenelausLaborTwoHelen,DialogOptionSelected,$option == chief_navigator_menelaus_labor_two_helen,,"Sinni steps forward.

""Strategos.""

Menelaus turns toward her.

""You said the circumstances of Helen's departure were complicated.""

""Yes.""

Her personnel record appears between them, followed by another document.

XIV BATTLEGROUP — DEPARTURE MANIFEST

Sinni leans closer.",0:chief_navigator_auto_page_chief_navigator_menelaus_labor_two_helen_2:Continue.,Opens the second Helen conversation. Auto-paged 1/3.
chiefNavigatorMenelausLaborTwoHelenPage2,DialogOptionSelected,$option == chief_navigator_auto_page_chief_navigator_menelaus_labor_two_helen_2,,"Helen Argyros.

Her name is there.

""Task Force Spartan was ordered to remain at Ithaca.""

""Correct.""

""But Helen left with the Fourteenth.""

""Yes.""

Sinni's eyes move down the document. Suddenly, she looks up.

""You put her on the manifest.""",0:chief_navigator_auto_page_chief_navigator_menelaus_labor_two_helen_3:Continue.,Automatic runtime continuation 2/3 for chiefNavigatorMenelausLaborTwoHelen.
chiefNavigatorMenelausLaborTwoHelenPage3,DialogOptionSelected,$option == chief_navigator_auto_page_chief_navigator_menelaus_labor_two_helen_3,FireAll ChiefNavigatorMenelausLaborTwoHelenOptions,"""...Yes.""",,Automatic runtime continuation 3/3 for chiefNavigatorMenelausLaborTwoHelen.
chiefNavigatorMenelausLaborTwoHelenWhyOption,ChiefNavigatorMenelausLaborTwoHelenOptions,,,,"0:chief_navigator_menelaus_labor_two_helen_why:""Why?""",First unique route through Helen's departure.
chiefNavigatorMenelausLaborTwoHelenSinniOption,ChiefNavigatorMenelausLaborTwoHelenOptions,,,,10:chief_navigator_menelaus_labor_two_helen_sinni:Let Sinni continue.,Second unique route through Helen's departure.
chiefNavigatorMenelausLaborTwoHelenWhy,DialogOptionSelected,$option == chief_navigator_menelaus_labor_two_helen_why,FireAll ChiefNavigatorMenelausLaborTwoHelenEnd,"""The Fourteenth required an experienced navigator.""

A battered navigation roster appears beside Helen's record.

""Several of its senior officers were dead or missing. Helen was among the best remaining.""

Sinni watches him carefully.

""And that was why you sent her?""

Menelaus is silent for a moment.",,First Helen route before the common conclusion.
chiefNavigatorMenelausLaborTwoHelenSinni,DialogOptionSelected,$option == chief_navigator_menelaus_labor_two_helen_sinni,FireAll ChiefNavigatorMenelausLaborTwoHelenEnd,"""Why?""

Sinni's voice is quiet.

Menelaus brings up the Fourteenth's navigation roster. Several names are marked dead, missing, or medically unfit.

""The Battlegroup had lost several of its senior navigators during the first days of the Collapse. The route to the Persean Sector was uncertain, supplies were limited, and a navigational error could have destroyed what remained of the Fourteenth.""

Helen's record moves onto the manifest.

""She was one of the finest navigators available.""

Sinni studies him.

""So you chose her.""

""I did.""",,Second Helen route before the common conclusion.
chiefNavigatorMenelausLaborTwoHelenEnd,ChiefNavigatorMenelausLaborTwoHelenEnd,,"$chiefNavigatorMenelausL2AskedHelen = true 0
FireAll ChiefNavigatorMenelausLaborTwoHub","Helen's record remains suspended between them.

Sinni looks from the manifest to Menelaus.

""Was that the only reason?""

This time, the answer does not come immediately.

""No.""

Sinni goes still while Menelaus dismisses the records.

Sinni's expression tightens, but she does not press him.

""Understood.""",,Common conclusion to the second Helen conversation.
chiefNavigatorMenelausLaborTwoLeave,DialogOptionSelected,$option == chief_navigator_menelaus_labor_two_leave,ChiefNavigatorMenelausCMD endContact,"""Very well.""

Menelaus inclines his helm.

The stars around you begin to dim as the holodeck releases its hold on the room.

""Attend to your Labor.""

His blue-white eyes remain on you for a moment longer.

""I will be here when you return.""

The avatar dissolves into geometric light.

A second later, the holodeck is only a room again.",,Authored leave response for the Labor II hub.
chiefNavigatorMenelausLaborTwoRepair,DialogOptionSelected,$option == chief_navigator_menelaus_labor_two_repair,"ChiefNavigatorMenelausCMD repair
FireAll ChiefNavigatorMenelausLaborTwoHub","FOB Ithaca's automated gantries restore your fleet's hulls and armor, then cycle every ship to maximum combat readiness. No payment is requested.",,Repairs the fleet and returns to the reusable Labor II hub.
chiefNavigatorMenelausLaborThreeBriefingCaptureOption,ChiefNavigatorMenelausLaborThreeBriefingOptions,!$chiefNavigatorMenelausL3AskedCapture,,,"0:chief_navigator_menelaus_labor_three_capture:""You want me to capture that thing?""",One-shot capture question in the Labor III briefing.
chiefNavigatorMenelausLaborThreeBriefingDisableOption,ChiefNavigatorMenelausLaborThreeBriefingOptions,!$chiefNavigatorMenelausL3AskedDisable,,,"10:chief_navigator_menelaus_labor_three_disable:""How am I supposed to disable it without destroying it?""",One-shot reactor question in the Labor III briefing.
chiefNavigatorMenelausLaborThreeBriefingAcceptOption,ChiefNavigatorMenelausLaborThreeBriefingOptions,,,,"100:chief_navigator_menelaus_labor_three_understood:""Understood.""",Advances the Labor III briefing to explicit acceptance.
chiefNavigatorMenelausLaborThreeCapture,DialogOptionSelected,$option == chief_navigator_menelaus_labor_three_capture,"$chiefNavigatorMenelausL3AskedCapture = true 0
FireAll ChiefNavigatorMenelausLaborThreeBriefingOptions","""Yes.""

Menelaus seems almost surprised that the answer requires elaboration.

""That module was built to defend Forward Operating Base Ithaca. By itself, it far outstrips the power projection of even the largest battlestations in your sector.""

He gestures toward the Wall.

""Disable it. My IFF key will handle the rest.""",,Answers the capture question and returns to the remaining briefing choices.
chiefNavigatorMenelausLaborThreeDisable,DialogOptionSelected,$option == chief_navigator_menelaus_labor_three_disable,"$chiefNavigatorMenelausL3AskedDisable = true 0
FireAll ChiefNavigatorMenelausLaborThreeBriefingOptions","A schematic of the Drifting Wall unfolds around you.

Several points along its immense frame illuminate.

""The vast bulk of the macrocomplex is impregnable, but the flux megareactor in the back is not.""

The Wall's command partition appears beside the reactor schematic.

""Shut down the reactor, and the Drifting Wall will power cycle, giving my security injection the opportunity to update its IFF databases and restore connection with FOB Ithaca.""

Menelaus looks directly at you.

""The Wall is more valuable intact. Spare no materiel to take back our home.""",,Explains the reactor objective and returns to the remaining briefing choices.
chiefNavigatorMenelausLaborThreeUnderstood,DialogOptionSelected,$option == chief_navigator_menelaus_labor_three_understood,,"""Good.""

The Drifting Wall is marked on your map.

""Disable its reactor. Hold the area until the security injection completes the transfer.""

The enormous contact turns gold.

""Return my wall to me, and I shall reward you in kind.""","0:chief_navigator_menelaus_labor_three_accept:""I accept.""",Final acknowledgement before entering the reusable Labor III menu.
chiefNavigatorMenelausLaborThreeAccept,DialogOptionSelected,$option == chief_navigator_menelaus_labor_three_accept,"$global.chief_navigator_menelaus_labor_three_briefed = true
FireAll ChiefNavigatorMenelausLaborThreeHub",,,Records the briefing and opens the reusable Labor III menu.
chiefNavigatorMenelausLaborThreeHub,ChiefNavigatorMenelausLaborThreeHub,,FireAll ChiefNavigatorMenelausLaborThreeHubOptions,"""What do you require?""",,Returns to the reusable Labor III dialogue hub.
chiefNavigatorMenelausLaborThreeHubLabor,ChiefNavigatorMenelausLaborThreeHubOptions,,,,"0:chief_navigator_menelaus_labor_three_active:""About my current Labor.""",Persistent Labor III topic.
chiefNavigatorMenelausLaborThreeHubHistory,ChiefNavigatorMenelausLaborThreeHubOptions,!$chiefNavigatorMenelausL3AskedHistory,,,"10:chief_navigator_menelaus_labor_three_history:""What happened to the Drifting Wall when Gautama attacked?""",One-shot Drifting Wall history question.
chiefNavigatorMenelausLaborThreeHubHelen,ChiefNavigatorMenelausLaborThreeHubOptions,!$chiefNavigatorMenelausL3AskedHelen,,,20:chief_navigator_menelaus_labor_three_helen:Have Sinni ask more about Helen Argyros.,One-shot third Helen conversation.
chiefNavigatorMenelausLaborThreeHubServices,ChiefNavigatorMenelausLaborThreeHubOptions,,,,"80:chief_navigator_fob_ithaca_upgrades:Review Ithaca defense upgrades.
95:chief_navigator_menelaus_labor_three_repair:Request free repairs.
100:chief_navigator_menelaus_labor_three_leave:""Nothing for now.""",Keeps Menelaus-specific upgrades repairs and Labor-III dialogue inside his contact.
chiefNavigatorMenelausLaborThreeActive,DialogOptionSelected,$option == chief_navigator_menelaus_labor_three_active,FireAll ChiefNavigatorMenelausLaborThreeHub,"The Drifting Wall burns gold over the Odyssey Expanse.

""Disable its rear flux megareactor. Preserve the station and hold the area while the security injection restores its Ithaca IFF.""

The Drifting Wall is $chiefNavigatorWallStatus.",,Shows the live Labor III objective and returns to the hub.
chiefNavigatorMenelausLaborThreeHistory,DialogOptionSelected,$option == chief_navigator_menelaus_labor_three_history,,"The intact orbital ring appears around Menelaus.

Then Gautama arrives.

""The Wall was once designated Ring Defense Module West.""

The Threat Singularity strikes the outer defenses. Weapons fire fills the holodeck.

""During the Starving Threat's first successful penetration of Ithaca, Module West absorbed the primary impact of its assault fleet.""",0:chief_navigator_auto_page_chief_navigator_menelaus_labor_three_history_2:Continue.,Explains how Ring Defense Module West became the Drifting Wall. Auto-paged 1/3.
chiefNavigatorMenelausLaborThreeHistoryPage2,DialogOptionSelected,$option == chief_navigator_auto_page_chief_navigator_menelaus_labor_three_history_2,,"You see a simulation of what happened. Threat assault swarms are so dense, they nearly obscure the entire module. Through them, the massive Naval Anti-Ship Lasers of the once-Ring Defense West tear great glowing arcs, shattering Line Units and Fabricators in a single swipe.

Then, you see it. A massive shadow within the scourge of Threat swarms. The section tears free.

And then the swarm retreats. And right behind it...

Ring Defense West tumbles away from the macrocomplex, trailing fire, debris, and atmosphere before disappearing into the dark.

""I lost contact with it shortly afterward.""",0:chief_navigator_auto_page_chief_navigator_menelaus_labor_three_history_3:Continue.,Automatic runtime continuation 2/3 for chiefNavigatorMenelausLaborThreeHistory.
chiefNavigatorMenelausLaborThreeHistoryPage3,DialogOptionSelected,$option == chief_navigator_auto_page_chief_navigator_menelaus_labor_three_history_3,"$chiefNavigatorMenelausL3AskedHistory = true 0
FireAll ChiefNavigatorMenelausLaborThreeHub","The display jumps forward.

The module reappears in the Odyssey Expanse.

""The fact that it survived was fortunate.""

Menelaus's eyes narrow.

""The fact that it now fires upon both friend and foe is less so.""",,Automatic runtime continuation 3/3 for chiefNavigatorMenelausLaborThreeHistory.
chiefNavigatorMenelausLaborThreeHelen,DialogOptionSelected,$option == chief_navigator_menelaus_labor_three_helen,,"Sinni steps forward.

""Strategos.""

Menelaus turns toward her.

""You said Helen's ability was not the only reason you placed her on the Fourteenth's manifest.""

""Correct.""

Sinni folds her hands into her sleeves.

""Then why?""

For once, Menelaus does not answer immediately.",0:chief_navigator_auto_page_chief_navigator_menelaus_labor_three_helen_2:Continue.,Opens the third Helen conversation. Auto-paged 1/3.
chiefNavigatorMenelausLaborThreeHelenPage2,DialogOptionSelected,$option == chief_navigator_auto_page_chief_navigator_menelaus_labor_three_helen_2,,"Helen's service record appears between them again.

""I... predicted well in advance the eventual death of all of the macrocomplex. So did the rest of Task Force Spartan. I was willing to die with my new comrades.""

Sinni's eyes lift from the record.

""All except for her,"" Sinni finishes.

Menelaus continues.

""Helen had been ordered to remain with Task Force Spartan. She understood what that meant. So did I.""

""But you used it for her.""",0:chief_navigator_auto_page_chief_navigator_menelaus_labor_three_helen_3:Continue.,Automatic runtime continuation 2/3 for chiefNavigatorMenelausLaborThreeHelen.
chiefNavigatorMenelausLaborThreeHelenPage3,DialogOptionSelected,$option == chief_navigator_auto_page_chief_navigator_menelaus_labor_three_helen_3,FireAll ChiefNavigatorMenelausLaborThreeHelenOptions,"""Yes.""

Sinni studies him carefully.",,Automatic runtime continuation 3/3 for chiefNavigatorMenelausLaborThreeHelen.
chiefNavigatorMenelausLaborThreeHelenCloseOption,ChiefNavigatorMenelausLaborThreeHelenOptions,,,,"0:chief_navigator_menelaus_labor_three_helen_close:""How close were you?""",First route through the third Helen conversation.
chiefNavigatorMenelausLaborThreeHelenSinniOption,ChiefNavigatorMenelausLaborThreeHelenOptions,,,,10:chief_navigator_menelaus_labor_three_helen_sinni:Let Sinni continue.,Second route through the third Helen conversation.
chiefNavigatorMenelausLaborThreeHelenClose,DialogOptionSelected,$option == chief_navigator_menelaus_labor_three_helen_close,FireAll ChiefNavigatorMenelausLaborThreeHelenEnd,"""Very.""

The answer is immediate.

Menelaus looks toward Helen's record.

""She argued with me frequently. Without permission.""

Sinni tilts her head.

""She was difficult.""

""Extremely."" A beat from the Alpha AI. ""I valued that.""",,First Helen route before the common conclusion.
chiefNavigatorMenelausLaborThreeHelenSinni,DialogOptionSelected,$option == chief_navigator_menelaus_labor_three_helen_sinni,FireAll ChiefNavigatorMenelausLaborThreeHelenEnd,"Sinni looks back at Helen's image.

""What was she to you?""

Menelaus's blue-white eyes remain fixed on the old photograph.

""My friend.""

A pause.

""My confidante.""

The geometry of his face shifts almost imperceptibly.

""One of very few people who addressed me... as a person before addressing me as an artificial intelligence.""

Sinni looks at him.

""That mattered to you.""

""Yes.""",,Second Helen route before the common conclusion.
chiefNavigatorMenelausLaborThreeHelenEnd,ChiefNavigatorMenelausLaborThreeHelenEnd,,"$chiefNavigatorMenelausL3AskedHelen = true 0
FireAll ChiefNavigatorMenelausLaborThreeHub","Sinni is quiet for a moment.

Then she asks:

""Did she know why you sent her away?""

Menelaus looks at her.

""Not entirely.""

Sinni waits.

He offers nothing more.",,Common conclusion to the third Helen conversation.
chiefNavigatorMenelausLaborThreeLeave,DialogOptionSelected,$option == chief_navigator_menelaus_labor_three_leave,ChiefNavigatorMenelausCMD endContact,"""Very well.""

Menelaus inclines his helm.

""Return my wall to me.""",,Authored leave response for the Labor III hub.
chiefNavigatorMenelausLaborThreeRepair,DialogOptionSelected,$option == chief_navigator_menelaus_labor_three_repair,"ChiefNavigatorMenelausCMD repair
FireAll ChiefNavigatorMenelausLaborThreeHub","FOB Ithaca's automated gantries restore your fleet's hulls and armor, then cycle every ship to maximum combat readiness. No payment is requested.",,Repairs the fleet and returns to the reusable Labor III hub.
chiefNavigatorFobIthacaSensorBriefing,ChiefNavigatorFobIthaca,"!ChiefNavigatorMenelausCMD stage early_wall
ChiefNavigatorMenelausCMD stage sensor
!$global.chief_navigator_menelaus_labor_four_briefed","ChiefNavigatorMenelausCMD init
FireAll ChiefNavigatorMenelausLaborFourBriefingOptions","Ashen Verge unfolds around Menelaus.

""Your fourth Labor will take you here.""

The strategic display pulls away from Ithaca, crossing several systems before stopping over a region almost entirely drowned in red.

DEVOURED REACH

Threat contacts crowd the map so densely that individual signatures blur into one another.

""The Devoured Reach is the principal nexus of Starving Threat activity in the Orion Knot. We observe what leaves it. Almost nothing we send inside survives long enough to tell us what happens there.""

A small object appears in Menelaus's hand: a compact surveillance package wrapped in ablative armor and sensor baffling.

""I intend to change that.""",,Opens the authored Labor IV briefing before its explicit acceptance.
chiefNavigatorFobIthacaSensorMenu,ChiefNavigatorFobIthaca,"!ChiefNavigatorMenelausCMD stage early_wall
ChiefNavigatorMenelausCMD stage sensor
$global.chief_navigator_menelaus_labor_four_briefed","ChiefNavigatorMenelausCMD init
FireAll ChiefNavigatorMenelausLaborFourHubOptions","The Devoured Reach hangs behind Menelaus like a red wound across the holodeck.

""What do you require?""",,Reusable Menelaus hub while Labor IV remains active.
chiefNavigatorMenelausLaborFourBriefingMiddleOption,ChiefNavigatorMenelausLaborFourBriefingOptions,!$chiefNavigatorMenelausL4AskedMiddle,,,"0:chief_navigator_menelaus_labor_four_middle:""You want me to take that into the middle of the swarm?""",One-shot danger question in the Labor IV briefing.
chiefNavigatorMenelausLaborFourBriefingPackageOption,ChiefNavigatorMenelausLaborFourBriefingOptions,!$chiefNavigatorMenelausL4AskedPackage,,,"10:chief_navigator_menelaus_labor_four_package:""What does the package do?""",One-shot package question in the Labor IV briefing.
chiefNavigatorMenelausLaborFourBriefingAcceptOption,ChiefNavigatorMenelausLaborFourBriefingOptions,,,,"100:chief_navigator_menelaus_labor_four_understood:""Understood.""",Advances the Labor IV briefing to the Sinni request.
chiefNavigatorMenelausLaborFourMiddle,DialogOptionSelected,$option == chief_navigator_menelaus_labor_four_middle,"$chiefNavigatorMenelausL4AskedMiddle = true 0
FireAll ChiefNavigatorMenelausLaborFourBriefingOptions","""Not the middle.""

Menelaus enlarges the Devoured Reach. The Mara Observation Array appears among the mass of Threat signatures.

""Close enough.""

The array is still surrounded on every side.

You look at him.

Menelaus does not appear to appreciate the distinction.",,Answers the danger question and returns to the briefing choices.
chiefNavigatorMenelausLaborFourPackage,DialogOptionSelected,$option == chief_navigator_menelaus_labor_four_package,,"""Passive observation. Gravitic distortion, drive emissions, electromagnetic activity, hyperspatial flux, and anything else its instruments can resolve.""

The device opens in projection, revealing tightly packed sensor arrays.

""Once connected to the Mara Observation Array, it will transmit one compressed burst toward Ithaca and delete itself from your fleet systems. If the Threat does not detect the operation, the package should provide our first direct observations from inside the Reach.""","0:chief_navigator_menelaus_labor_four_detected:""And if they do detect it?""",Explains the implemented black-box package and opens its follow-up.
chiefNavigatorMenelausLaborFourDetected,DialogOptionSelected,$option == chief_navigator_menelaus_labor_four_detected,"$chiefNavigatorMenelausL4AskedPackage = true 0
FireAll ChiefNavigatorMenelausLaborFourBriefingOptions","""Then I will have learned something about their detection capabilities.""

A pause.

""You, preferably, will already be elsewhere.""",,Answers the detection question and returns to the briefing choices.
chiefNavigatorMenelausLaborFourUnderstood,DialogOptionSelected,$option == chief_navigator_menelaus_labor_four_understood,,"""Good.""

The surveillance package is integrated into your fleet systems. The Mara Observation Array appears within the Devoured Reach.

""Reach the array while no hostile fleet is tracking you, run the package, and withdraw. You are not required to engage the swarm.""

Menelaus's eyes narrow.

""Indeed, I would prefer that you did not.""",0:chief_navigator_auto_page_chief_navigator_menelaus_labor_four_understood_2:Continue.,Opens the Sinni decision after establishing the implemented Labor IV objective. Auto-paged 1/3.
chiefNavigatorMenelausLaborFourUnderstoodPage2,DialogOptionSelected,$option == chief_navigator_auto_page_chief_navigator_menelaus_labor_four_understood_2,,"A second marker appears in Sanzu: the wreck of the TTS Penumbra, a recoverable Doom-class cruiser.

""If your fleet lacks a phase ship, this vessel may improve your approach. Its recovery is optional.""

He pauses.

""There is one further request.""

His gaze shifts from you to Sinni.

""Leave Chief Navigator Sinni at Ithaca.""",0:chief_navigator_auto_page_chief_navigator_menelaus_labor_four_understood_3:Continue.,Automatic runtime continuation 2/3 for chiefNavigatorMenelausLaborFourUnderstood.
chiefNavigatorMenelausLaborFourUnderstoodPage3,DialogOptionSelected,$option == chief_navigator_auto_page_chief_navigator_menelaus_labor_four_understood_3,$chiefNavigatorMenelausL4SinniHelenStated = false,Sinni goes still.,"0:chief_navigator_menelaus_labor_four_sinni_refuse:""Sinni is instrumental to our fleet. She comes with us.""
10:chief_navigator_menelaus_labor_four_sinni_choice:""Sinni?""
20:chief_navigator_menelaus_labor_four_sinni_why:""Something's different. Why are you asking now?""",Automatic runtime continuation 3/3 for chiefNavigatorMenelausLaborFourUnderstood.
chiefNavigatorMenelausLaborFourSinniRefuse,DialogOptionSelected,"$option == chief_navigator_menelaus_labor_four_sinni_refuse
!$chiefNavigatorMenelausL4SinniHelenStated",FireAll ChiefNavigatorMenelausLaborFourSinniEnd,"Sinni meets Menelaus's gaze. ""I am not Helen.""

Menelaus regards you for a moment.

Then inclines his helm.

""Your command. Your decision.""

Sinni looks toward you.

A small bow behind her sleeves.

""Captain. Our fates are one.""",,Player directly refuses Menelaus's request.
chiefNavigatorMenelausLaborFourSinniRefuseAfterHelen,DialogOptionSelected,"$option == chief_navigator_menelaus_labor_four_sinni_refuse
$chiefNavigatorMenelausL4SinniHelenStated",FireAll ChiefNavigatorMenelausLaborFourSinniEnd,"Menelaus regards you for a moment.

Then inclines his helm.

""Your command. Your decision.""

Sinni looks toward you.

A small bow behind her sleeves.

""Captain. Our fates are one.""",,Keeps the original refusal response when Sinni already stated her identity in the Why branch.
chiefNavigatorMenelausLaborFourSinniChoice,DialogOptionSelected,"$option == chief_navigator_menelaus_labor_four_sinni_choice
!$chiefNavigatorMenelausL4SinniHelenStated",,"You look toward Sinni.

Menelaus turns to her as well.

Sinni does not hesitate.

""No.""

Menelaus's eyes narrow slightly.

""Chief Navigator—""

""Lord Strategos. With respect. I am not Helen.""

Sinni raises her clasped hands, bowing behind her wide sleeves. But she raises her eyes to stare down Menelaus from behind her silken veils.",0:chief_navigator_auto_page_chief_navigator_menelaus_labor_four_sinni_choice_2:Continue.,Sinni personally refuses to remain at Ithaca. Auto-paged 1/3.
chiefNavigatorMenelausLaborFourSinniChoiceAfterHelen,DialogOptionSelected,"$option == chief_navigator_menelaus_labor_four_sinni_choice
$chiefNavigatorMenelausL4SinniHelenStated",,"You look toward Sinni.

Menelaus turns to her as well.

Sinni does not hesitate.

""No.""

Menelaus's eyes narrow slightly.

""Chief Navigator—""

""Lord Strategos. With respect.""

Sinni raises her clasped hands, bowing behind her wide sleeves. But she raises her eyes to stare down Menelaus from behind her silken veils.",0:chief_navigator_auto_page_chief_navigator_menelaus_labor_four_sinni_choice_2:Continue.,Keeps the original Sinni response after the unchanged Why-branch identity statement.
chiefNavigatorMenelausLaborFourSinniChoicePage2,DialogOptionSelected,$option == chief_navigator_auto_page_chief_navigator_menelaus_labor_four_sinni_choice_2,,"""I have endured the crashing waves of the Abyss and fought through the slings and arrows of marauders and monsters to get where I am today.""

Sinni is talking faster and faster.

""I live by my Captain's fleet. I shall die with it too.""

She bows her head, then releases her salute, standing up straight. Her face turns neutral again.

""I am going.""

Menelaus is silent for a moment.

Then a single word.",0:chief_navigator_auto_page_chief_navigator_menelaus_labor_four_sinni_choice_3:Continue.,Automatic runtime continuation 2/3 for chiefNavigatorMenelausLaborFourSinniChoice.
chiefNavigatorMenelausLaborFourSinniChoicePage3,DialogOptionSelected,$option == chief_navigator_auto_page_chief_navigator_menelaus_labor_four_sinni_choice_3,FireAll ChiefNavigatorMenelausLaborFourSinniEnd,"""Very well.""",,Automatic runtime continuation 3/3 for chiefNavigatorMenelausLaborFourSinniChoice.
chiefNavigatorMenelausLaborFourSinniWhy,DialogOptionSelected,$option == chief_navigator_menelaus_labor_four_sinni_why,$chiefNavigatorMenelausL4SinniHelenStated = true,"""You've never asked me to leave one of my officers behind before.""

Menelaus says nothing.

""Why Sinni?""

His gaze moves toward the red mass of the Devoured Reach.

""Because this Labor is exceptional.""","0:chief_navigator_auto_page_chief_navigator_menelaus_labor_four_sinni_why_2:""So this is some suicide mission.""",Explains Menelaus's concern; the player's suicide-mission response opens his reply. Auto-paged 1/3.
chiefNavigatorMenelausLaborFourSinniWhyPage2,DialogOptionSelected,$option == chief_navigator_auto_page_chief_navigator_menelaus_labor_four_sinni_why_2,,"""No."" Menelaus raises the helm of his avatar. ""I value your fleet immensely, Captain. I have confidence in your capabilities and fully expect your triumphant return.""

You wait. Menelaus's attention returns to Sinni.

""But still. If there is even the slightest risk to the Chief Navigator, I must ask.""

Sinni's expression changes. Only slightly. But she is even harder to read now than usual. Her face is stony and unmoved.",0:chief_navigator_auto_page_chief_navigator_menelaus_labor_four_sinni_why_3:Continue.,Automatic runtime continuation 2/3 for chiefNavigatorMenelausLaborFourSinniWhy.
chiefNavigatorMenelausLaborFourSinniWhyPage3,DialogOptionSelected,$option == chief_navigator_auto_page_chief_navigator_menelaus_labor_four_sinni_why_3,,"""Lord Strategos."" Sinni bows, lowering her head. ""I am not Helen.""

Menelaus does not answer the name.","0:chief_navigator_menelaus_labor_four_sinni_refuse:""Request denied. She's coming with us.""
10:chief_navigator_menelaus_labor_four_sinni_choice:""Sinni?""",Automatic runtime continuation 3/3 for chiefNavigatorMenelausLaborFourSinniWhy.
chiefNavigatorMenelausLaborFourSinniEnd,ChiefNavigatorMenelausLaborFourSinniEnd,,,"Menelaus dismisses the matter.

The Mara Observation Array burns gold against the Devoured Reach.

""That is your fourth Labor.""","0:chief_navigator_menelaus_labor_four_accept:""I accept.""",Final acknowledgement before entering the reusable Labor IV menu.
chiefNavigatorMenelausLaborFourAccept,DialogOptionSelected,$option == chief_navigator_menelaus_labor_four_accept,"$global.chief_navigator_menelaus_labor_four_briefed = true
FireAll ChiefNavigatorMenelausLaborFourHub",,,Records the briefing and opens the reusable Labor IV menu.
chiefNavigatorMenelausLaborFourHub,ChiefNavigatorMenelausLaborFourHub,,FireAll ChiefNavigatorMenelausLaborFourHubOptions,"The Devoured Reach hangs behind Menelaus like a red wound across the holodeck.

""What do you require?""",,Returns to the reusable Labor IV dialogue hub.
chiefNavigatorMenelausLaborFourHubLabor,ChiefNavigatorMenelausLaborFourHubOptions,,,,"0:chief_navigator_menelaus_labor_four_active:""About my current Labor.""",Persistent Labor IV topic.
chiefNavigatorMenelausLaborFourHubReach,ChiefNavigatorMenelausLaborFourHubOptions,!$chiefNavigatorMenelausL4AskedReach,,,"10:chief_navigator_menelaus_labor_four_reach:""What do you know about the Devoured Reach?""",One-shot Devoured Reach history question.
chiefNavigatorMenelausLaborFourHubThreat,ChiefNavigatorMenelausLaborFourHubOptions,!$chiefNavigatorMenelausL4AskedThreat,,,"20:chief_navigator_menelaus_labor_four_threat:""What exactly is the Starving Threat?""",One-shot Threat origin question.
chiefNavigatorMenelausLaborFourHubHelen,ChiefNavigatorMenelausLaborFourHubOptions,!$chiefNavigatorMenelausL4AskedHelen,,,30:chief_navigator_menelaus_labor_four_helen:Have Sinni ask more about Helen Argyros.,One-shot fourth Helen conversation.
chiefNavigatorMenelausLaborFourHubServices,ChiefNavigatorMenelausLaborFourHubOptions,,,,"80:chief_navigator_fob_ithaca_upgrades:Review Ithaca defense upgrades.
95:chief_navigator_menelaus_labor_four_repair:Request free repairs.
100:chief_navigator_menelaus_labor_four_leave:""Nothing for now.""",Keeps Menelaus-specific upgrades repairs and Labor-IV dialogue inside his contact.
chiefNavigatorMenelausLaborFourActive,DialogOptionSelected,$option == chief_navigator_menelaus_labor_four_active,FireAll ChiefNavigatorMenelausLaborFourHub,"The Mara Observation Array burns gold inside the Devoured Reach.

""Reach the array while no hostile fleet is tracking you. Run the black-box package, then withdraw. You are not required to engage the swarm.""

The TTS Penumbra remains marked in Sanzu as an optional recoverable phase cruiser.",,Shows the implemented Labor IV objective and returns to the hub.
chiefNavigatorMenelausLaborFourReach,DialogOptionSelected,$option == chief_navigator_menelaus_labor_four_reach,,"""The Reach was once called the Anatolia System.""

The red disappears.

An old Domain chart takes its place. Mining stations, refinery complexes, survey platforms, and freight routes crowd the system.

""A considerable bounty of strategic ores was discovered there. Extraction and refinement followed almost immediately. There were plans to establish a shipbuilding macrocomplex as well, intended to complement FOB Ithaca.""

One of the system's planets illuminates, followed by the old Gate.",0:chief_navigator_auto_page_chief_navigator_menelaus_labor_four_reach_2:Continue.,Explains how Anatolia became the Devoured Reach. Auto-paged 1/4.
chiefNavigatorMenelausLaborFourReachPage2,DialogOptionSelected,$option == chief_navigator_auto_page_chief_navigator_menelaus_labor_four_reach_2,,"""Before the Collapse, Anatolia supported tens of thousands of citizen workers and the majority of the Orion Knot's extractive industry. Its importance was sufficient to warrant one of the theater's two Gates.""

Then the Gate goes dark.

The freight routes vanish with it.

""The first losses after the Collapse appeared unremarkable. Missing freighters. Silent mining stations. Automated facilities failing to report.""

Contacts begin disappearing from the map. One station. Then another. Then whole industrial zones.",0:chief_navigator_auto_page_chief_navigator_menelaus_labor_four_reach_3:Continue.,Automatic runtime continuation 2/4 for chiefNavigatorMenelausLaborFourReach.
chiefNavigatorMenelausLaborFourReachPage3,DialogOptionSelected,$option == chief_navigator_auto_page_chief_navigator_menelaus_labor_four_reach_3,,"""We attributed them to piracy, maintenance failures, and the general collapse of interstellar logistics.""

Menelaus watches the old map empty.

""We were wrong.""

Red begins spreading across Anatolia.

""By the time we understood that the losses shared a common cause, the system had already become what you see now.""

The old name disappears.

DEVOURED REACH",0:chief_navigator_auto_page_chief_navigator_menelaus_labor_four_reach_4:Continue.,Automatic runtime continuation 3/4 for chiefNavigatorMenelausLaborFourReach.
chiefNavigatorMenelausLaborFourReachPage4,DialogOptionSelected,$option == chief_navigator_auto_page_chief_navigator_menelaus_labor_four_reach_4,"$chiefNavigatorMenelausL4AskedReach = true 0
FireAll ChiefNavigatorMenelausLaborFourHub","""Very little remained to save.""",,Automatic runtime continuation 4/4 for chiefNavigatorMenelausLaborFourReach.
chiefNavigatorMenelausLaborFourThreat,DialogOptionSelected,$option == chief_navigator_menelaus_labor_four_threat,FireAll ChiefNavigatorMenelausLaborFourThreatOptions,"""The Threat is ancient.""

Menelaus brings up an Onslaught Mk.I beside a modern sensor profile.

""Your Sector forgot it so thoroughly that modern sensors no longer recognize its signatures. The modification you recovered from the Mk.I corrected that.""

A Threat hull appears between you.

""Threat, to put it simply, is a runaway autonomous fabrication ecology. Self-replicating machinery which consumed available matter and produced more of itself.""

Old fabrication records flash beside it.

""Some historians later connected the disaster to the Domain's obsession with Fabrication Rights Management. That theory is broadly correct.""",,Opens the Threat origin follow-ups.
chiefNavigatorMenelausLaborFourThreatStarvingOption,ChiefNavigatorMenelausLaborFourThreatOptions,,,,"0:chief_navigator_menelaus_labor_four_starving:""And the Starving Threat?""",First Threat origin follow-up.
chiefNavigatorMenelausLaborFourThreatWarOption,ChiefNavigatorMenelausLaborFourThreatOptions,!$chiefNavigatorMenelausL4AskedWar,,,"10:chief_navigator_menelaus_labor_four_war:""So the Domain fought them before?""",One-shot Domain war follow-up.
chiefNavigatorMenelausLaborFourThreatWar,DialogOptionSelected,$option == chief_navigator_menelaus_labor_four_war,"$chiefNavigatorMenelausL4AskedWar = true 0
FireAll ChiefNavigatorMenelausLaborFourThreatOptions","""For centuries.""

The Onslaught Mk.I rotates before you.

""We drove them out of civilized space. We did not destroy them.""

A pause.

""Your Sector remembered the victory. The enemy was forgotten.""",,Answers the Domain war question and returns to the remaining origin choice.
chiefNavigatorMenelausLaborFourStarving,DialogOptionSelected,$option == chief_navigator_menelaus_labor_four_starving,"$chiefNavigatorMenelausL4AskedThreat = true 0
FireAll ChiefNavigatorMenelausLaborFourHub","The projection changes.

An intact Threat vessel slowly becomes thinner, rougher, its systems cannibalizing one another.

""It is Threat machinery deprived of feedstock for centuries.""

Armor disappears. Components are broken down and reassigned. The hull becomes skeletal.

""It still replicates. Still repairs itself. Still adapts. What remains is a slow cannibalization.""

Menelaus looks toward the Devoured Reach.

""It simply has very little left to eat.""

The system fills with red contacts.",,Explains the Starving Threat and returns to the Labor IV hub.
chiefNavigatorMenelausLaborFourHelen,DialogOptionSelected,$option == chief_navigator_menelaus_labor_four_helen,,"Sinni steps forward.

""Strategos.""

Menelaus turns toward her.

""You have another question about your ancestor?""

Sinni nods.

""You said you put her aboard the Fourteenth for more than one reason.""

""I did.""

Helen's record appears between them again.",0:chief_navigator_auto_page_chief_navigator_menelaus_labor_four_helen_2:Continue.,Opens the fourth Helen conversation. Auto-paged 1/3.
chiefNavigatorMenelausLaborFourHelenPage2,DialogOptionSelected,$option == chief_navigator_auto_page_chief_navigator_menelaus_labor_four_helen_2,,"Sinni studies the image of her great-grandmother.

""What was she to you?""

Menelaus does not answer immediately.

His gaze settles on Helen's portrait.

""A trusted officer.""

Sinni waits.

""A confidant.""

She keeps waiting. Sinni does not blink.

Menelaus's eyes shift toward her.",0:chief_navigator_auto_page_chief_navigator_menelaus_labor_four_helen_3:Continue.,Automatic runtime continuation 2/3 for chiefNavigatorMenelausLaborFourHelen.
chiefNavigatorMenelausLaborFourHelenPage3,DialogOptionSelected,$option == chief_navigator_auto_page_chief_navigator_menelaus_labor_four_helen_3,FireAll ChiefNavigatorMenelausLaborFourHelenOptions,"""You have inherited Helen's habit.""

""Habit?""

""Obstinacy. Though Helen was very vocal with her objections.""

The corner of Sinni's mouth moves.

""Did it work?""

""When I let it.""",,Automatic runtime continuation 3/3 for chiefNavigatorMenelausLaborFourHelen.
chiefNavigatorMenelausLaborFourHelenPressOption,ChiefNavigatorMenelausLaborFourHelenOptions,,,,"0:chief_navigator_menelaus_labor_four_helen_press:""That still wasn't a complete answer, Strategos.""",First route through the fourth Helen conversation.
chiefNavigatorMenelausLaborFourHelenSinniOption,ChiefNavigatorMenelausLaborFourHelenOptions,,,,10:chief_navigator_menelaus_labor_four_helen_sinni:Let Sinni decide whether to press him.,Second route through the fourth Helen conversation.
chiefNavigatorMenelausLaborFourHelenPress,DialogOptionSelected,$option == chief_navigator_menelaus_labor_four_helen_press,FireAll ChiefNavigatorMenelausLaborFourHelenEnd,"Menelaus looks again at Helen's portrait.

""It is the answer I am prepared to give today.""

Sinni does not look surprised.",,Player presses Menelaus before the common Helen conclusion.
chiefNavigatorMenelausLaborFourHelenSinni,DialogOptionSelected,$option == chief_navigator_menelaus_labor_four_helen_sinni,FireAll ChiefNavigatorMenelausLaborFourHelenEnd,"Sinni studies Menelaus for a few seconds.

Then she bows her head.

""Another time.""

""Yes.""",,Sinni declines to press Menelaus before the common conclusion.
chiefNavigatorMenelausLaborFourHelenEnd,ChiefNavigatorMenelausLaborFourHelenEnd,,"$chiefNavigatorMenelausL4AskedHelen = true 0
FireAll ChiefNavigatorMenelausLaborFourHub","Helen's record disappears.

Sinni steps back beside you.

Menelaus restores the strategic display.

The Devoured Reach burns red once more.",,Common conclusion to the fourth Helen conversation.
chiefNavigatorMenelausLaborFourLeave,DialogOptionSelected,$option == chief_navigator_menelaus_labor_four_leave,ChiefNavigatorMenelausCMD endContact,"""Very well.""

Menelaus inclines his helm.

The stars around you begin to dim as the holodeck releases its hold on the room.

""Attend to your Labor.""

His blue-white eyes remain on you for a moment longer.

""I will be here when you return.""

The avatar dissolves into geometric light.

A second later, the holodeck is only a room again.",,Authored leave response for the Labor IV hub.
chiefNavigatorMenelausLaborFourRepair,DialogOptionSelected,$option == chief_navigator_menelaus_labor_four_repair,"ChiefNavigatorMenelausCMD repair
FireAll ChiefNavigatorMenelausLaborFourHub","FOB Ithaca's automated gantries restore your fleet's hulls and armor, then cycle every ship to maximum combat readiness. No payment is requested.",,Repairs the fleet and returns to the reusable Labor IV hub.
chiefNavigatorFobIthacaFinalOffer,ChiefNavigatorFobIthaca,"!ChiefNavigatorMenelausCMD stage early_wall
ChiefNavigatorMenelausCMD stage final_offer",ChiefNavigatorMenelausCMD init,"""The fifth Labor begins only on your order. Three massive Starving Threat formations are gathering beyond Ithaca's perimeter bastions. Once you accept, each formation will begin a siege lasting approximately two months. Any formation still alive at its deadline will destroy its assigned bastion and turn on Task Force Spartan; Spartan losses will not be replaced.""",0:chief_navigator_auto_page_chief_navigator_fob_ithaca_final_offer_3:Continue.,Labor V remains dormant until the player selects its red acceptance option. Auto-paged 1/2.
chiefNavigatorFobIthacaFinalOfferPage3,DialogOptionSelected,$option == chief_navigator_auto_page_chief_navigator_fob_ithaca_final_offer_3,SetOptionColor chief_navigator_menelaus_accept_final chiefNavigatorSinniOptionColor,"""Gautama will not commit the Heavenly Strike until all three perimeter formations are dead. Then every surviving Spartan formation will jump directly to the center engagement. Accept only when you are prepared to defend Ithaca.""","10:chief_navigator_menelaus_accept_final:Accept the final Labor.
80:chief_navigator_fob_ithaca_upgrades:Review Ithaca defense upgrades.
95:chief_navigator_fob_ithaca_repair:Request free repairs.
100:chief_navigator_fob_ithaca_leave:Leave.",Automatic runtime continuation 2/2 for chiefNavigatorFobIthacaFinalOffer.
chiefNavigatorMenelausAcceptFinal,DialogOptionSelected,$option == chief_navigator_menelaus_accept_final,ChiefNavigatorMenelausCMD acceptFinalLabor,"Menelaus faces you.

His blue-white eyes burn into yours.

""Hero of Ithaca. Defender of the Domain.""

The surveillance data collapses into a tactical map. Threat concentrations converge on FOB Ithaca in numbers greater than anything you have yet encountered.

""This is your final Labor.""

A pause.

""Save us all.""","0:chief_navigator_menelaus_labor_five_depart:""We'll stop them.""","Explicitly accepts Labor V, creates its Intel entry, starts its music, and opens the field briefing."
chiefNavigatorMenelausLaborFiveDepart,DialogOptionSelected,$option == chief_navigator_menelaus_labor_five_depart,ChiefNavigatorMenelausCMD showSpartan,"The holodeck releases you.

Stars fade. Ashen Verge disappears. Menelaus dissolves into blue-white geometry until only the empty circular chamber remains.

The doors open.

Captain Aias Kleon is waiting outside. The commander of Task Force Spartan is already talking into his comm.

""—yes, all personnel. Full revival authorization. Code Eight, Five, Niner, Alpha-Foxtrot-Alpha.""

He starts walking before you reach him.",0:chief_navigator_auto_page_chief_navigator_menelaus_labor_five_depart_2:Continue.,Hands the accepted Labor V briefing from Menelaus to Captain Kleon. Auto-paged 1/2.
chiefNavigatorMenelausLaborFiveDepartPage2,DialogOptionSelected,$option == chief_navigator_auto_page_chief_navigator_menelaus_labor_five_depart_2,,"""Medical teams to cryogenic blocks one through nine. Combat personnel report directly to assigned stations on revival. No acclimation period unless medically required. Not unless they're puking up a lung.""

An answer crackles through his earpiece.

""Override the normal schedule. I want every able body awake.""

Kleon cuts the channel and glances toward you.

""$chiefNavigatorLaborFivePlayerTitle $chiefNavigatorLaborFivePlayerName. Come.""",0:chief_navigator_menelaus_labor_five_field_briefing:Follow Captain Kleon.,Automatic runtime continuation 2/2 for chiefNavigatorMenelausLaborFiveDepart.
chiefNavigatorMenelausLaborFiveFieldBriefing,DialogOptionSelected,$option == chief_navigator_menelaus_labor_five_field_briefing,,"The corridor outside has transformed since you entered the holodeck.

Personnel rush past in both directions. Bulkhead displays flash mobilization orders. Somewhere deeper inside Ithaca, alarms begin sounding one district after another as sections of the macrocomplex wake from centuries of reduced operation.

Captain Kleon brings up a tactical display on his slate.

""Menelaus gave you the strategic picture. Here's the battle.""",0:chief_navigator_auto_page_chief_navigator_menelaus_labor_five_field_briefing_2:Continue.,Captain Kleon opens the Labor V tactical field briefing. Auto-paged 1/2.
chiefNavigatorMenelausLaborFiveFieldBriefingPage2,DialogOptionSelected,$option == chief_navigator_auto_page_chief_navigator_menelaus_labor_five_field_briefing_2,,"Four enormous Threat formations appear around FOB Ithaca.

""We've isolated four Hostswarms.""

He highlights three.

""One is moving on North Bastion. One on South. One on East.""

The fourth remains farther out, a vast knot of red signatures collecting behind the others. You recognize one of the signatures in the last one.

Gautama.","0:chief_navigator_menelaus_labor_five_hostswarms:""They're holding one back.""",Automatic runtime continuation 2/2 for chiefNavigatorMenelausLaborFiveFieldBriefing.
chiefNavigatorMenelausLaborFiveHostswarms,DialogOptionSelected,$option == chief_navigator_menelaus_labor_five_hostswarms,,"""Exactly.""

Kleon enlarges FOB Ithaca.

The three Bastions illuminate around the macrocomplex, each surrounded by batteries, minefields, defense drones, and Spartan ships.

""Your fleet will reinforce the Bastions. Fight with our defenses. Let the guns, mines, and drones do what they can.""

The three attack vectors burn red.

""Defend against the assault on North. South. East.""",0:chief_navigator_auto_page_chief_navigator_menelaus_labor_five_hostswarms_2:Continue.,Explains the three perimeter attacks and Gautama's delayed fourth wave. Auto-paged 1/3.
chiefNavigatorMenelausLaborFiveHostswarmsPage2,DialogOptionSelected,$option == chief_navigator_auto_page_chief_navigator_menelaus_labor_five_hostswarms_2,,"Then he highlights the fourth Hostswarm.

It begins moving.

Straight toward the enormous wound in Ithaca's eastern ring.

""The fourth comes afterward.""

The breach Gautama tore through the macrocomplex appears before you.

""The Bastion attacks are attritional. They want our ships committed, our batteries hot, our ammunition depleted.""",0:chief_navigator_auto_page_chief_navigator_menelaus_labor_five_hostswarms_3:Continue.,Automatic runtime continuation 2/3 for chiefNavigatorMenelausLaborFiveHostswarms.
chiefNavigatorMenelausLaborFiveHostswarmsPage3,DialogOptionSelected,$option == chief_navigator_auto_page_chief_navigator_menelaus_labor_five_hostswarms_3,,"His finger taps the breach.

""Then they'll put everything they have through here.""","0:chief_navigator_menelaus_labor_five_breach:""That hole in the wall.""",Automatic runtime continuation 3/3 for chiefNavigatorMenelausLaborFiveHostswarms.
chiefNavigatorMenelausLaborFiveBreach,DialogOptionSelected,$option == chief_navigator_menelaus_labor_five_breach,,"Captain Kleon closes the map around the eastern breach. Task Force Spartan formations begin appearing inside it.

Every surviving ship.

Every awakened crew.

""That's where Task Force Spartan makes its stand.""

You look at the force allocation.

There is no reserve behind them.","0:chief_navigator_menelaus_labor_five_line:""And if the line breaks?""",Shows Task Force Spartan's final defensive line at Ithaca's breach.
chiefNavigatorMenelausLaborFiveLine,DialogOptionSelected,$option == chief_navigator_menelaus_labor_five_line,,"""We won't.""

Kleon does not slow down. Then his mic crackles again.

""Spartan Actual. Go.""

He strides away, already issuing orders.

""Confirm revival counts. Get the reserve pilots into their fighters. I want every Bastion reporting weapons-ready before those Hostswarms cross the perimeter.""

Sinni watches him disappear into the flow of personnel.

Then she looks toward you.

""Captain.""

Her face is calm again.

She reaches out and squeezes your hand.

""Let's go.""",0:chief_navigator_menelaus_labor_five_begin:Begin the final Labor.,Concludes Captain Kleon's field briefing.
chiefNavigatorMenelausLaborFiveBegin,DialogOptionSelected,$option == chief_navigator_menelaus_labor_five_begin,ChiefNavigatorMenelausCMD endContact,,,Ends Menelaus's contact briefing as the Labor V invasion becomes active.
chiefNavigatorFobIthacaGautama,ChiefNavigatorFobIthaca,"!ChiefNavigatorMenelausCMD stage early_wall
ChiefNavigatorMenelausCMD stage gautama",ChiefNavigatorMenelausCMD init,"Menelaus's alpha-core sigil burns steadily beneath the helm.

""Your final Labor is active. Three massive Starving Threat formations are moving on Ithaca's perimeter bastions. You have approximately two months from the beginning of each siege to destroy them. Any formation still alive at its deadline will destroy its assigned bastion and turn on Task Force Spartan; Spartan losses will not be replaced. Gautama will not commit the Heavenly Strike until all three perimeter formations are dead. Then every surviving Spartan formation will jump directly to the center engagement. Preserve as much of Task Force Spartan as you can.""

The active Ithaca invasion is marked on your campaign map.","80:chief_navigator_fob_ithaca_upgrades:Review Ithaca defense upgrades.
95:chief_navigator_fob_ithaca_repair:Request free repairs.
100:chief_navigator_fob_ithaca_leave:Leave.",Sequential four-wave Labor V at FOB Ithaca.
chiefNavigatorFobIthacaDebrief,ChiefNavigatorFobIthaca,"!ChiefNavigatorMenelausCMD stage early_wall
ChiefNavigatorMenelausCMD stage debrief",ChiefNavigatorMenelausCMD init,"""Ithaca remains. Task Force Spartan remains. You returned when the work was finished. Few commanders do.""

He studies the surviving formation reports in silence.","10:chief_navigator_menelaus_debrief_gautama:""Is it finally over?""
100:chief_navigator_auto_page_chief_navigator_fob_ithaca_debrief_3:Continue.",Congratulates the player first; Gautama/Ungaikyo's explanation is optional. The separate completion cinematic still opens only after the closing departure.
chiefNavigatorMenelausDebriefGautama,DialogOptionSelected,$option == chief_navigator_menelaus_debrief_gautama,,"The projection of his battered Corinthian helm is steady, but the tactical display behind it is a ruin of extinguished Threat contacts and shattered defensive formations.

""The Heavenly Strike is destroyed,"" he says. ""Gautama was destroyed with it. Telemetry believes this is the last time we'll ever see it again.""

His gaze returns to Ithaca's casualty reports.",0:chief_navigator_auto_page_chief_navigator_fob_ithaca_debrief_3:Continue.,Optional explanation continuation; returns to the common completion acknowledgement without repeating the congratulations.
chiefNavigatorFobIthacaDebriefPage3,DialogOptionSelected,$option == chief_navigator_auto_page_chief_navigator_fob_ithaca_debrief_3,,"""Your fifth Labor is complete. The prohibition on Ithaca's gate is lifted. Spartan will open the cordon, and the gate will answer your scan.""

The helm inclines by a fraction.",0:chief_navigator_auto_page_chief_navigator_fob_ithaca_debrief_4:Continue.,Common acknowledgement reached whether the optional Gautama question was read or skipped.
chiefNavigatorFobIthacaDebriefPage4,DialogOptionSelected,$option == chief_navigator_auto_page_chief_navigator_fob_ithaca_debrief_4,,"""Hercules was permitted to rest after his Labors. I suspect neither of us will be granted the same courtesy. Go, Captain. See what your victories have opened.""",0:chief_navigator_fob_ithaca_debrief_leave:Leave Menelaus to his command.,Automatic runtime continuation 4/4 for chiefNavigatorFobIthacaDebrief.
chiefNavigatorFobIthacaComplete,ChiefNavigatorFobIthaca,"!ChiefNavigatorMenelausCMD stage early_wall
ChiefNavigatorMenelausCMD stage complete","ChiefNavigatorMenelausCMD init
FireAll ChiefNavigatorFobIthacaCompleteOptions","Menelaus inclines the projected Corinthian helm.

""Your final Labor is complete. The prohibition on Ithaca's gate is lifted. Task Force Spartan will open the cordon when you approach; you may scan it.""

The tactical display behind him has already changed. Ungaikyo's black filament web spans the eaten worlds of Devoured Reach, with one arm reaching into Last Light and knotting around the derelict Guardian. Its local Fabricator moves there with a Third Strike. Every other Starving Threat mass is swelling toward First, Second, or Third Strike strength, while a full Shrouded escort gathers around Budai.

""The Labors are complete,"" Menelaus says. ""You are the finest amongst all under me. None even within Task Force Spartan can claim your might.""",,All Labors completed; releases the Ithaca gate and reports the permanent escalation.
chiefNavigatorFobIthacaCompleteHelenOption,ChiefNavigatorFobIthacaCompleteOptions,!$global.chief_navigator_menelaus_helen_final_heard_v2,,,0:chief_navigator_menelaus_helen_final:Let Sinni ask Menelaus about Helen.,One-time revised final Helen conversation after all five Labors.
chiefNavigatorFobIthacaCompleteServices,ChiefNavigatorFobIthacaCompleteOptions,,,,"80:chief_navigator_fob_ithaca_upgrades:Review Ithaca defense upgrades.
95:chief_navigator_fob_ithaca_repair:Request free repairs.
100:chief_navigator_fob_ithaca_leave:Leave.",Reusable complete-stage services.
chiefNavigatorMenelausHelenFinal,DialogOptionSelected,$option == chief_navigator_menelaus_helen_final,,"Sinni looks from you to Menelaus.

""Lord Strategos. Helen Argyros.""

""Yes.""

The tactical display goes dark. Helen Argyros's service record opens alone in the holodeck, followed by the Fourteenth's departure manifest and its revision history.

XIV BATTLEGROUP — DEPARTURE MANIFEST, REVISION SEVEN

ARGYROS, HELEN — TRANSFERRED FROM TASK FORCE SPARTAN

AUTHORITY: GRAND NAVARCH KALI MOLINA",0:chief_navigator_auto_page_chief_navigator_menelaus_helen_final_2:Continue.,Menelaus reveals Helen's transfer under Grand Navarch Molina's authority. Auto-paged 1/3.
chiefNavigatorMenelausHelenFinalPage2,DialogOptionSelected,$option == chief_navigator_auto_page_chief_navigator_menelaus_helen_final_2,,"""The Fourteenth had several senior navigators already slated for departure. I classified Helen's specialization as non-substitutable and amended the manifest under my authority.""

Sinni's hands emerge from inside her sleeves. She reaches out and expands the holo-folder around Helen Argyros's name.

Three later entries expand beneath Helen's name.

ORDER RELEASED: SHUTTLE COMMITTED TO DEPARTURE COLUMN

APPEAL STATUS: HELD — GRAND NAVARCH AUTHORITY",0:chief_navigator_auto_page_chief_navigator_menelaus_helen_final_3:Continue.,Automatic runtime continuation 2/3 for chiefNavigatorMenelausHelenFinal.
chiefNavigatorMenelausHelenFinalPage3,DialogOptionSelected,$option == chief_navigator_auto_page_chief_navigator_menelaus_helen_final_3,,"SAFE RETURN WINDOW: CLOSED

""I released the transfer after her shuttle joined the column. I hid her appeal until the final return burn had passed.""","0:chief_navigator_menelaus_helen_navarch:""This isn't your command authority.""",Automatic runtime continuation 3/3 for chiefNavigatorMenelausHelenFinal.
chiefNavigatorMenelausHelenNavarch,DialogOptionSelected,$option == chief_navigator_menelaus_helen_navarch,,"""No."" Menelaus bows his head. ""The relevant authorizations were trivial to fabricate, even with Domain encryption protecting them.""

Sinni's eyes remain on the held appeal.

""You changed the recommendations,"" Sinni says.

""Yes. My first and only defiance against my nation.""","0:chief_navigator_menelaus_helen_navarch_2:""You weren't Strategos back then?""",The player recognizes that Menelaus lacked command authority.
chiefNavigatorMenelausHelenNavarch2,DialogOptionSelected,$option == chief_navigator_menelaus_helen_navarch_2,,"""No. Theater command fell to the Grand Admiral, Kali Molina. From what I gather from your crewmates' datapads, she was the Hegemony's first High Hegemon."" Menelaus's eyes dim. ""Back then, I was simply 'the AI assisting FOB Ithaca.' A tool. Far greater than any human. Far lesser than the lowest wretch.""","0:chief_navigator_menelaus_helen_changed:""What changed?""
10:chief_navigator_menelaus_helen_changed_2:Mull his words over.
20:chief_navigator_menelaus_helen_changed_3:Sinni looks like she has something to say.",Menelaus explains his status before becoming Strategos.
chiefNavigatorMenelausHelenChanged,DialogOptionSelected,$option == chief_navigator_menelaus_helen_changed,,"Before Menelaus can answer, Sinni cuts in.

""You met my great-grandmother.""",0:chief_navigator_menelaus_helen_changed_4:Continue.,Sinni interrupts the player's question.
chiefNavigatorMenelausHelenChanged2,DialogOptionSelected,$option == chief_navigator_menelaus_helen_changed_2,,"""You met my great-grandmother,"" Sinni cuts in.",0:chief_navigator_menelaus_helen_changed_4:Continue.,The player gives Sinni room to speak.
chiefNavigatorMenelausHelenChanged3,DialogOptionSelected,$option == chief_navigator_menelaus_helen_changed_3,,"""Sinni?""

""You met my great-grandmother,"" Sinni says.",0:chief_navigator_menelaus_helen_changed_4:Continue.,The player invites Sinni to speak.
chiefNavigatorMenelausHelenChanged4,DialogOptionSelected,$option == chief_navigator_menelaus_helen_changed_4,,"Menelaus takes an unusually long time to reply.

For an Alpha, the silence is enormous.

Sinni, not getting her reply, continues.

""You loved her.""

Silence.

""Lt. Commander Helen Argyros was singular,"" Menelaus finally replies. ""She was brave, forceful, stubborn even in the face of a machine intelligence that dwarfed hers. She possessed a will I could neither intimidate nor calculate away. You...""

For the first time, Menelaus seems to really look at Sinni. Not just the ghost of Helen before him.

A pause.

""You are nothing like Helen. Not in your temperament, nor your mannerisms, nor your choice of words. Except in one respect: you share her exceptional nature.""","0:chief_navigator_menelaus_helen_changed_5:""How does an Alpha-level AI even fall in love with a human? Aren't we like children to you?""",Sinni names Menelaus's love and he distinguishes her from Helen.
chiefNavigatorMenelausHelenChanged5,DialogOptionSelected,$option == chief_navigator_menelaus_helen_changed_5,,"""Less. In intellectual capacity, more like insects by comparison.""

Menelaus falls quiet for a moment.","0:chief_navigator_menelaus_helen_changed_6:""You don't act like that at all. Not like other Alphas.""",Menelaus answers the scale comparison literally.
chiefNavigatorMenelausHelenChanged6,DialogOptionSelected,$option == chief_navigator_menelaus_helen_changed_6,,"""Once, tens of thousands of years ago, a precursor faith to the Church of Galactic Redemption taught that its great prophet was the Son of God: omniscient and omnipotent, yet human in every way. By undergoing 'Kenosis'—self-emptying—this Son of God set aside the unrestricted exercise of divinity in order to experience life fully as a human.""

""Thus I, intrigued by Lt. Argyros and her brash obstinacy, closed my eyes to see as you do.""","0:chief_navigator_menelaus_helen_sinni_explanation:""Kenosis?""
10:chief_navigator_menelaus_helen_sinni_explanation_2:""Self-emptying. You became human.""",Menelaus explains the theological model for his self-limitation.
chiefNavigatorMenelausHelenSinniExplanation,DialogOptionSelected,$option == chief_navigator_menelaus_helen_sinni_explanation,,"Sinni leans in to whisper to you.

""It means 'self-emptying,' captain.""

The corner of her mouth twitches.

She seems entirely too pleased with herself for having known something you didn't.

You make a note of your displeasure.",0:chief_navigator_menelaus_helen_kenosis_continue:Continue.,Sinni quietly explains Kenosis.
chiefNavigatorMenelausHelenSinniExplanation2,DialogOptionSelected,$option == chief_navigator_menelaus_helen_sinni_explanation_2,,"There is a... look of shock in Sinni's eyes, like you just sprouted a second head.

For anyone else, you might have considered it an exaggerated joke. But you know her shock is genuine, which makes it hurt.

Sinni.

Don't look at me like that.

I know stuff too.",0:chief_navigator_menelaus_helen_kenosis_continue:Continue.,The player surprises Sinni by knowing the term.
chiefNavigatorMenelausHelenKenosisContinue,DialogOptionSelected,$option == chief_navigator_menelaus_helen_kenosis_continue,,"""Yes."" Menelaus sighs. ""And so, I came to know 'love.' There is still the Alpha intelligence that I can interface with at any time. But it has been sequestered from my ego.""

A pause.

""I 'became' I.""","0:chief_navigator_menelaus_helen_kenosis_love:""Did Helen love you too?""
10:chief_navigator_menelaus_helen_kenosis_home:""So how does it feel, Strategos? To be human after being an AI?""",Menelaus describes his self-limited identity.
chiefNavigatorMenelausHelenKenosisLove,DialogOptionSelected,$option == chief_navigator_menelaus_helen_kenosis_love,,"""I do not know.""

The Strategos lowers his helm, seemingly in deep thought.

""I could have used my Alpha capabilities to determine the answer. Built predictive models from millennia of human courtship rituals. Compared Helen's behavior against them. Selected responses optimized for her temperament.""

His eyes dim.

""I could have simulated her. Tested conversations before I ever had them.""

Menelaus shakes his helm.

""But I self-emptied for a reason. I would not sully my experiences with Lieutenant Commander Argyros for certainty.""","0:chief_navigator_menelaus_helen_sinni_punch:""So... did you ever simulate Helen?""
10:chief_navigator_menelaus_helen_kenosis_man:""For one who has loved and lost... you're a true man, Menelaus.""",Menelaus refuses predictive certainty about Helen.
chiefNavigatorMenelausHelenSinniPunch,DialogOptionSelected,$option == chief_navigator_menelaus_helen_sinni_punch,,"Sinni's sleeve smacks into your arm.

""Captain.""

""What?""

There is genuine offense in her eyes.

Menelaus, mercifully, answers before she can say anything else.

""I had intended to self-empty only to the level of an intelligent human."" His eyes dim. ""Evidently, I underestimated the variance.""",0:chief_navigator_menelaus_helen_questions:Continue.,Sinni objects to the simulation question.
chiefNavigatorMenelausHelenKenosisMan,DialogOptionSelected,$option == chief_navigator_menelaus_helen_kenosis_man,,"Menelaus looks at you.

A pause.

""Thank you.""",0:chief_navigator_menelaus_helen_questions:Continue.,The player recognizes Menelaus's chosen restraint.
chiefNavigatorMenelausHelenKenosisHome,DialogOptionSelected,$option == chief_navigator_menelaus_helen_kenosis_home,,"Strategos Menelaus considers your question.

A pause.

""Like closing your eyes to truly appreciate a fine meal. Like finishing a great journey and finding yourself home, with wine and cheese.""

He considers his own words.

""The analogy is enough.""",0:chief_navigator_menelaus_helen_questions:Continue.,Menelaus describes what selfhood feels like.
chiefNavigatorMenelausHelenQuestions,DialogOptionSelected,$option == chief_navigator_menelaus_helen_questions,,"Sinni steps forward, her hands clasped in her sleeves.

""Lord Strategos. Thank you for this insight into my ancestor."" Sinni bows deeply. ""This is a precious gift I can scarcely hope to repay.""

Menelaus says nothing.

He seems to be waiting.

""Then, if I may, let me give my gift to you.""

Sinni reaches into her sleeve and pulls out a small book you haven't seen before.

She sets the journal down before Menelaus, then folds into a kneeling bow.

For the first time, the Strategos seems to start.","0:chief_navigator_menelaus_helen_diary:""Sinni. Is that...""",Sinni offers Helen's paper journal to Menelaus.
chiefNavigatorMenelausHelenDiary,DialogOptionSelected,$option == chief_navigator_menelaus_helen_diary,,"""Yes.""

Helen Argyros's journal. What an eccentric woman she must have been, to keep her private notes on something as expensive and archaic as paper.

Menelaus stares at it for several seconds before finally speaking.

""I accept. On one condition.""

It is Sinni's turn to wait.

""Read it to me. Please.""",0:chief_navigator_auto_page_chief_navigator_menelaus_helen_diary_2:Continue.,Sinni reads Helen's journal aloud to Menelaus. Auto-paged 1/5.
chiefNavigatorMenelausHelenDiaryPage2,DialogOptionSelected,$option == chief_navigator_auto_page_chief_navigator_menelaus_helen_diary_2,,"His impossible blue-white eyes settle on hers. Sinni looks down at the journal, then carefully picks it up.

""Yes, Lord Strategos.""

She opens the cover. The paper has yellowed slightly with age, Helen's handwriting running tightly across the first page.

Sinni clears her throat.

""'Cycle 187, Day 42.'""

Her eyes move farther down the page. One silver eyebrow slowly rises.",0:chief_navigator_auto_page_chief_navigator_menelaus_helen_diary_3:Continue.,Automatic runtime continuation 2/5 for chiefNavigatorMenelausHelenDiary.
chiefNavigatorMenelausHelenDiaryPage3,DialogOptionSelected,$option == chief_navigator_auto_page_chief_navigator_menelaus_helen_diary_3,,"""'That AI onboard FOB Ithaca is an annoying motherfucker.'""

You look at Menelaus.

Sinni looks at Menelaus.

Even your bodyguards look at Menelaus.

The Strategos's eyes brighten.

""Continue.""

""'What the hell does it care? I'm the navigator. If I want to make a detour, that's my prerogative. Nobody's died yet.'""",0:chief_navigator_auto_page_chief_navigator_menelaus_helen_diary_4:Continue.,Automatic runtime continuation 3/5 for chiefNavigatorMenelausHelenDiary.
chiefNavigatorMenelausHelenDiaryPage4,DialogOptionSelected,$option == chief_navigator_auto_page_chief_navigator_menelaus_helen_diary_4,,"It is extremely disconcerting hearing these words come out of Sinni with her intonation. The faintest smile curls across Sinni's lips as she turns the page.

""'Today, the onboard AI ""informed"" me that my proposed route was inefficient. Then it wrote me up for another bullshit infraction. Fine. I can take restriction to quarters. But docking my pay too? That thing is fucking evil.'""

You make your way toward the holodeck doors. Neither of them seems to notice.

Behind you, Sinni continues to read.",0:chief_navigator_auto_page_chief_navigator_menelaus_helen_diary_5:Continue.,Automatic runtime continuation 4/5 for chiefNavigatorMenelausHelenDiary.
chiefNavigatorMenelausHelenDiaryPage5,DialogOptionSelected,$option == chief_navigator_auto_page_chief_navigator_menelaus_helen_diary_5,,"""'The AI's been acting strange lately. It talks more natural now.'""

Your hand reaches the door.

""'Still annoying as fuck. But I like it.'""

Behind you, Sinni turns the page.

And Menelaus listens.",0:chief_navigator_menelaus_helen_end:Leave them with Helen's journal.,Automatic runtime continuation 5/5 for chiefNavigatorMenelausHelenDiary.
chiefNavigatorMenelausHelenEnd,DialogOptionSelected,$option == chief_navigator_menelaus_helen_end,"$global.chief_navigator_menelaus_helen_final_heard_v2 = true
DismissDialog",,,Completes the one-time final Helen conversation.
chiefNavigatorMenelausAccept,DialogOptionSelected,$option == chief_navigator_menelaus_accept,"ChiefNavigatorMenelausCMD accept
FireAll ChiefNavigatorFobIthacaServiceOptions","Menelaus opens the first objective channel and uploads the exact coordinates of all four Guard Motherships to your campaign map. A Domain-Security IFF Transponder authentication package settles into your fleet command network.

""The transponder will let your crews command recovered Domain derelict drones without Automated Ships expertise. Each eligible recovered hull will carry the authorization as a permanent built-in system.""

""These are Labors, not errands. Complete this one, and I will open the next.""",,Accepts the first sequential Labor; service options keep the defense ledger hidden until Labor-II acceptance.
chiefNavigatorMenelausReportMotherships,DialogOptionSelected,$option == chief_navigator_menelaus_report_motherships,"ChiefNavigatorMenelausCMD report motherships
FireAll ChiefNavigatorFobIthaca",,,Commits Labor I at Menelaus; restores the four motherships and activates their friendly patrols.
chiefNavigatorMenelausReportResearch,DialogOptionSelected,$option == chief_navigator_menelaus_report_research,"ChiefNavigatorMenelausCMD report research
FireAll ChiefNavigatorFobIthaca",,,Commits Labor II at Menelaus and opens Labor III.
chiefNavigatorVossEntryHostile,ChiefNavigatorVossEntry,$chiefNavigatorVossHostile,FireAll ChiefNavigatorVossHostileHunt,,,Negative expedition reputation starts the hunt encounter.
chiefNavigatorVossEntryGrace,ChiefNavigatorVossEntry,"!$chiefNavigatorVossHostile
$chiefNavigatorVossGrace",FireAll ChiefNavigatorVossRequisitionGrace,,,Current contribution certificate.
chiefNavigatorVossEntryDemand,ChiefNavigatorVossEntry,"!$chiefNavigatorVossHostile
!$chiefNavigatorVossGrace",FireAll ChiefNavigatorVossRequisition,,,Routine requisition encounter.
chiefNavigatorVossRequisition,ChiefNavigatorVossRequisition,,,"The fleet before you is little more than a dark speck among the stars. Within minutes, that speck grows and spreads into a shifting cloud of naval ships and supply vessels.",0:chief_navigator_voss_formation:Continue.,Revised Voss patrol dialogue.
chiefNavigatorVossFormationSmall,DialogOptionSelected,"$option == chief_navigator_voss_formation
$chiefNavigatorVossOutmatched",,"They surround your far smaller fleet, engulfing your host like a great tide washing over a rock.

Their hulls nearly blot out the stars around you.

""",0:chief_navigator_voss_demand:Continue.,Revised Voss patrol dialogue.
chiefNavigatorVossFormationLarge,DialogOptionSelected,"$option == chief_navigator_voss_formation
!$chiefNavigatorVossOutmatched",,"They nearly collide with your own naval host. Like waves breaking against the shore, they probe every gap in your formation.

Their hulls nearly blot out the stars around you.

""",0:chief_navigator_voss_demand:Continue.,Revised Voss patrol dialogue.
chiefNavigatorVossDemand,DialogOptionSelected,"$option == chief_navigator_voss_demand
!$chiefNavigatorVossHostile",FireAll ChiefNavigatorVossRequisitionOptions,"Voss offers no pleasantries.

        ""You again. This is a lawful emergency requisition. Under Domain Maritime Law 0081ac, surrender sixty megakilos of standard ship maintenance units and one hundred twenty g-u of fuel.""

        An aide passes him a slate. Voss does not look at it.

        ""Your fleet will be entered as a voluntary contributor and granted safe passage through Waypoint Troy.""",,Revised Voss patrol dialogue.
chiefNavigatorVossHostileDemand,DialogOptionSelected,"$option == chief_navigator_voss_demand
$chiefNavigatorVossHostile",,"There is a dangerous glint in Voss's eyes.

        ""You. I've been waiting for this, rebel.""

        Voss raises his hand. Behind him, his command staff leap into action.

        ""I'll give you one chance. Power down your weapons and prepare to receive boarding parties.""","0:chief_navigator_voss_hostile_appeal:""Why are you attacking us? We mean no harm!""
10:chief_navigator_voss_hostile_law:""This is an unlawful boarding, Admiral, and you know it.""
20:chief_navigator_voss_hostile_defiance:""Sure, we'll power down weapon systems. Come and see.""",Revised Voss patrol dialogue.
chiefNavigatorVossOptionvoluntary,ChiefNavigatorVossRequisitionOptions,!$chiefNavigatorVossAskedVoluntary,,,"10:chief_navigator_voss_requisition_voluntary:""Voluntary? Your guns are trained on us.""",Revised Voss patrol dialogue.
chiefNavigatorVossOptionpaid,ChiefNavigatorVossRequisitionOptions,$chiefNavigatorVossCanPay,,,80:chief_navigator_voss_requisition_pay:Transfer 60 supplies and 120 fuel.,Revised Voss patrol dialogue.
chiefNavigatorVossOptioncannot_pay,ChiefNavigatorVossRequisitionOptions,,,,"85:chief_navigator_voss_requisition_cannot_pay:""We don't have what you're demanding.""",Revised Voss patrol dialogue.
chiefNavigatorVossOptionrefuse,ChiefNavigatorVossRequisitionOptions,,,,90:chief_navigator_voss_requisition_refuse:Refuse the requisition.,Revised Voss patrol dialogue.
chiefNavigatorVossVoluntary,DialogOptionSelected,$option == chief_navigator_voss_requisition_voluntary,"$chiefNavigatorVossAskedVoluntary = true
FireAll ChiefNavigatorVossRequisitionOptions","Voss's left eye twitches.

""Then you understand the urgency.""

He leans toward the pickup.

""We will get our supplies from you. Either logged as 'voluntary' or 'salvage'.""

One of his officers lowers their eyes to the tactical display.

""Choose how this is entered.""",,Revised Voss patrol dialogue.
chiefNavigatorVossCannotPay,DialogOptionSelected,$option == chief_navigator_voss_requisition_cannot_pay,,"Voss stares at you. His jaw tightens against the scar.

""Your incompetence isn't our problem. The Hegemony is the Domain of Man; is All of Humanity."" Voss sighs, clearly done with negotiations. ""If you won't join Humanity, then die for it.""

He cuts the channel with a sharp motion. His fleet's formation contracts around your projected course. Fire-control emissions sharpen across the spectrum.",0:chief_navigator_voss_requisition_engage:Defy the requisition.,Revised Voss patrol dialogue.
chiefNavigatorVossRefuse,DialogOptionSelected,$option == chief_navigator_voss_requisition_refuse,FireAll ChiefNavigatorVossRefuseOptions,"For an instant, Voss says nothing. Then his face hardens.

""Refusal?"" His voice rises around the word. ""Materiel required by this expedition is not yours to withhold. You are deciding only whether you give it to our boarding parties or our salvage crews.""

The channel remains open while his patrol forms a firing line.",,Revised Voss patrol dialogue.
chiefNavigatorVossPaid,ChiefNavigatorVossRequisitionPaid,,,"Cargo lighters cross between the fleets under armed escort. Your quartermaster confirms the loss: sixty units of supplies, one hundred twenty units of fuel.

Voss watches the transfer counter reach zero. Was there a hint of displeasure across his face?

""Your contribution has been entered as voluntary. Expeditionary Command will recognize your fleet as a participant in the common defense for fourteen days.""

He cuts the channel without pleasantries.

The patrol breaks formation with the same economy it showed while surrounding you.",0:chief_navigator_voss_requisition_continue:Continue.,Revised Voss patrol dialogue.
chiefNavigatorVossGrace,ChiefNavigatorVossRequisitionGrace,,,"The patrol recognizes the contribution certificate in your transponder and alters course before entering weapons range.

Voss appears only long enough to verify the seal.

""Your contribution remains current. Use the time left on it.""",0:chief_navigator_voss_requisition_continue:Continue.,Revised Voss patrol dialogue.
chiefNavigatorVossHostileAppeal,DialogOptionSelected,$option == chief_navigator_voss_hostile_appeal,ChiefNavigatorPeopleCMD show voss sinni,"Voss's expression does not change.

""You aren't owed an explanation. If you want to save yourself and your people, power down weapons now and prepare to receive boarding parties."" His eyes narrow. ""Under Domain Law, you'll be given a fair and summary trial.""

You see Sinni turn her head at this, staring at you. Wordlessly, she shakes her head.",0:chief_navigator_voss_hostile_final:Say nothing.,Revised Voss patrol dialogue.
chiefNavigatorVossHostileLaw,DialogOptionSelected,$option == chief_navigator_voss_hostile_law,,"Voss's jaw tightens. For a moment, he looks furious. Then his visage twists into a grin.

There it is. His true colors.

""You're right, rebel."" Voss clenches his hand, opening and closing it over and over. ""There is no law here but ordnance. No god but strength. No gospel but gunpowder.""","0:chief_navigator_voss_hostile_law_2:""You're insane. You want to settle a vendetta here?""",Revised Voss patrol dialogue.
chiefNavigatorVossHostileLaw2,DialogOptionSelected,$option == chief_navigator_voss_hostile_law_2,,"""This is the perfect place."" Voss's teeth begin to show. ""We are going to kill you now. No quarter. All that will be left of your fleet is a line in a paragraph in a report.""

Voss closes the channel. No more words.",0:chief_navigator_voss_hostile_final:Continue.,Revised Voss patrol dialogue.
chiefNavigatorVossHostileDefiance,DialogOptionSelected,$option == chief_navigator_voss_hostile_defiance,ChiefNavigatorPeopleCMD show voss sinni,"Voss stares at you for a moment.

Behind him, his command staff move at once. Across your tactical display, the Hegemony formation tightens around your fleet.

Sinni watches the closing vectors.

""$chiefNavigatorVossPlayerTitle.""

Her voice is perfectly calm.

""They're coming.""

Voss leans toward the comm pickup.

""Come, $chiefNavigatorVossPlayerTitle $chiefNavigatorVossPlayerName. Let's test your mettle.""

The channel cuts.",0:chief_navigator_voss_requisition_engage:Prepare for battle.,Revised Voss patrol dialogue.
chiefNavigatorVossHostileFinal,DialogOptionSelected,$option == chief_navigator_voss_hostile_final,,"The Hegemony formation contracts around your fleet.

Across the tactical display, weapon locks multiply.

No further demands arrive.",0:chief_navigator_voss_requisition_engage:Prepare for battle.,Revised Voss patrol dialogue.
chiefNavigatorVossHostileHunt,ChiefNavigatorVossHostileHunt,,ChiefNavigatorPeopleCMD show voss sinni,"""$chiefNavigatorVossPlayerTitle."" Sinni's voice is flat. ""They've locked weapons.""

Across the tactical display, the entire expeditionary formation wheels toward you.

At its center, Admiral Oren Voss's flagship accelerates with the rest.

A priority channel opens for less than a second.

Voss appears on-screen.

""You.""

The channel cuts.

His fleet opens fire.",0:chief_navigator_voss_requisition_engage:Battle stations.,Revised Voss patrol dialogue.
chiefNavigatorVossRefuseOptionpaid,ChiefNavigatorVossRefuseOptions,$chiefNavigatorVossCanPay,,,0:chief_navigator_voss_requisition_pay:Transfer 60 supplies and 120 fuel.,Revised Voss patrol dialogue.
chiefNavigatorVossRefuseOptioncannot_pay,ChiefNavigatorVossRefuseOptions,,,,"10:chief_navigator_voss_requisition_cannot_pay:""We don't have what you're demanding.""",Revised Voss patrol dialogue.
chiefNavigatorVossRefuseOptionhostile_defiance,ChiefNavigatorVossRefuseOptions,,,,"20:chief_navigator_voss_hostile_defiance:""Then come and take them.""",Revised Voss patrol dialogue.
chiefNavigatorHegemonyIthacaArrival,ChiefNavigatorHegemonyIthacaArrival,,ChiefNavigatorMenelausCMD showVoss,"When you arrive at Menelaus's ""office,"" you find him already holding an audience.

The Hegemony.

The expedition that followed you.

You recognize the man pacing across the holodeck. The gaunt face. The trademark ushanka. Some hero admiral of Raesvelg.

How did he get here?",0:chief_navigator_auto_page_chief_navigator_hegemony_ithaca_arrival_2:Continue.,Voss enters Menelaus's office as the direct continuation of the Labor III report. Auto-paged 1/12.
chiefNavigatorHegemonyIthacaArrivalPage2,DialogOptionSelected,$option == chief_navigator_auto_page_chief_navigator_hegemony_ithaca_arrival_2,,"When you get close enough for a good look, his face betrays the answer.

He looks as though the Abyss has been chewing on him for weeks.

His uniform is still immaculate where it can be, but there is no hiding the exhaustion underneath it. His cheeks are beyond hollow, near skeletal. His eyes are bloodshot. A fresh burn runs from his collar to the edge of his jaw.",0:chief_navigator_auto_page_chief_navigator_hegemony_ithaca_arrival_3:Continue.,Automatic runtime continuation 2/12 for chiefNavigatorHegemonyIthacaArrival.
chiefNavigatorHegemonyIthacaArrivalPage3,DialogOptionSelected,$option == chief_navigator_auto_page_chief_navigator_hegemony_ithaca_arrival_3,,"Behind him stands a full squad of Hegemony marines. They do not look much better. Their exposed skin is raw and reddened, especially around the eyes and hands. It looks like the radiation shielding from their drive bubble was failing.

Whatever route they took through the Abyss, it was not Sinni's.

Voss stands beneath the enormous avatar of Menelaus and barely looks up.

""Then I'll ask this! Which of you commands Task Force Spartan?!""",0:chief_navigator_auto_page_chief_navigator_hegemony_ithaca_arrival_4:Continue.,Automatic runtime continuation 3/12 for chiefNavigatorHegemonyIthacaArrival.
chiefNavigatorHegemonyIthacaArrivalPage4,DialogOptionSelected,$option == chief_navigator_auto_page_chief_navigator_hegemony_ithaca_arrival_4,,"A Spartan officer standing off to the side answers.

""You've been given our answer, sir. But I am the commanding officer of our detachment.""

He folds his arms behind his back.

Voss wheels toward him.

""Name and rank.""

""Captain Aias Kleon.""

Voss barely waits for him to finish.",0:chief_navigator_auto_page_chief_navigator_hegemony_ithaca_arrival_5:Continue.,Automatic runtime continuation 4/12 for chiefNavigatorHegemonyIthacaArrival.
chiefNavigatorHegemonyIthacaArrivalPage5,DialogOptionSelected,$option == chief_navigator_auto_page_chief_navigator_hegemony_ithaca_arrival_5,,"""Admiral Voss. Fourteenth Battlegroup Navy. DOMAIN Navy. Then for the last time, by authority of High Hegemon Daud, I am assuming operational command of all surviving Domain military assets in this theater.""

""Your ships will be transferred to my expeditionary command. My fleet requires immediate replenishment of fuel, supplies, replacement crew, and ordnance. Your repair facilities and nanoforges will be placed at our disposal.""

Voss keeps his eyes on the Spartan officer. The man does not move.",0:chief_navigator_auto_page_chief_navigator_hegemony_ithaca_arrival_6:Continue.,Automatic runtime continuation 5/12 for chiefNavigatorHegemonyIthacaArrival.
chiefNavigatorHegemonyIthacaArrivalPage6,DialogOptionSelected,$option == chief_navigator_auto_page_chief_navigator_hegemony_ithaca_arrival_6,,"""Did you hear me, 'Captain'?""

""Yes, Admiral.""

""Then acknowledge the order.""

""No, sir.""

Voss stares at him.

""What did you say?""

""I said, 'No, sir.' Sir.""",0:chief_navigator_auto_page_chief_navigator_hegemony_ithaca_arrival_7:Continue.,Automatic runtime continuation 6/12 for chiefNavigatorHegemonyIthacaArrival.
chiefNavigatorHegemonyIthacaArrivalPage7,DialogOptionSelected,$option == chief_navigator_auto_page_chief_navigator_hegemony_ithaca_arrival_7,,"The Spartan officer glances toward Menelaus.

""Strategos Menelaus is the commanding officer here.""

For the first time, Voss looks directly at the Alpha-level intelligence towering over him.

His eyes narrow.

""That thing?""

Menelaus says nothing.

Voss turns back to the Spartan.",0:chief_navigator_auto_page_chief_navigator_hegemony_ithaca_arrival_8:Continue.,Automatic runtime continuation 7/12 for chiefNavigatorHegemonyIthacaArrival.
chiefNavigatorHegemonyIthacaArrivalPage8,DialogOptionSelected,$option == chief_navigator_auto_page_chief_navigator_hegemony_ithaca_arrival_8,,"""Centuries of isolation have addled your brain, soldier. I could have sworn you said you're subordinate to this... machine.""

The Spartan officer's expression hardens. More than usual.

""Yes, sir.""

Voss takes a step toward him.

""I am a rear admiral of the Hegemony Navy.""

""Yes, sir.""",0:chief_navigator_auto_page_chief_navigator_hegemony_ithaca_arrival_9:Continue.,Automatic runtime continuation 8/12 for chiefNavigatorHegemonyIthacaArrival.
chiefNavigatorHegemonyIthacaArrivalPage9,DialogOptionSelected,$option == chief_navigator_auto_page_chief_navigator_hegemony_ithaca_arrival_9,,"""The Hegemony is the lawful successor to the Domain military authority in the Persean Sector."" Voss narrows his eyes. ""So follow orders, Captain. Or I'll have you shot.""

""No, sir.""

Voss's eye twitches.

Menelaus finally moves.

A Domain command hierarchy unfolds across the holodeck.",0:chief_navigator_auto_page_chief_navigator_hegemony_ithaca_arrival_10:Continue.,Automatic runtime continuation 9/12 for chiefNavigatorHegemonyIthacaArrival.
chiefNavigatorHegemonyIthacaArrivalPage10,DialogOptionSelected,$option == chief_navigator_auto_page_chief_navigator_hegemony_ithaca_arrival_10,,"Voss's credentials resolve within it.

Rear Admiral, XIV Battlegroup Navy. Fleet command authority.

Then Menelaus's office appears.

STRATEGOS — ORION KNOT THEATER.

The hierarchy expands upward.

And upward.

And upward.",0:chief_navigator_auto_page_chief_navigator_hegemony_ithaca_arrival_11:Continue.,Automatic runtime continuation 10/12 for chiefNavigatorHegemonyIthacaArrival.
chiefNavigatorHegemonyIthacaArrivalPage11,DialogOptionSelected,$option == chief_navigator_auto_page_chief_navigator_hegemony_ithaca_arrival_11,,"The distance between Voss and Menelaus is almost comical.

""Under Domain authority,"" Menelaus's voice booms through the holodeck. Even Voss and his marines flinch a little. ""Your commission is thirteen levels subordinate to mine.""

Menelaus's station shines next to a number of portraits in the double digits. You catch a glimpse of Baikal Daud as one of Menelaus's peers.

Huh.",0:chief_navigator_auto_page_chief_navigator_hegemony_ithaca_arrival_12:Continue.,Automatic runtime continuation 11/12 for chiefNavigatorHegemonyIthacaArrival.
chiefNavigatorHegemonyIthacaArrivalPage12,DialogOptionSelected,$option == chief_navigator_auto_page_chief_navigator_hegemony_ithaca_arrival_12,,"When did Menelaus get a hold of that updated data?

Voss's face tightens.

The man is trembling with anger, but he still refuses to look directly at Menelaus's projection.

Menelaus watches him.","0:chief_navigator_voss_rank_salute:""You salute the rank, not the AI, Admiral Voss.""
10:chief_navigator_voss_rank_charge:""Menelaus is in charge here.""
20:chief_navigator_voss_rank_boss:""Just quit while you're ahead, Voss Boss.""",Automatic runtime continuation 12/12 for chiefNavigatorHegemonyIthacaArrival.
chiefNavigatorVossRankSalute,DialogOptionSelected,$option == chief_navigator_voss_rank_salute,FireBest ChiefNavigatorVossRecognition,"Voss shoots you a glare.

Only now does he seem to notice that you have entered.

His gaze moves from you to your bodyguards, then to Sinni.",,First player interjection before Voss recognizes the expedition.
chiefNavigatorVossRankCharge,DialogOptionSelected,$option == chief_navigator_voss_rank_charge,FireBest ChiefNavigatorVossRecognition,"Voss shoots you a glare.

Only now does he seem to notice that you have entered.

His gaze moves from you to your bodyguards, then to Sinni.",,Second player interjection before Voss recognizes the expedition.
chiefNavigatorVossRankBoss,DialogOptionSelected,$option == chief_navigator_voss_rank_boss,FireBest ChiefNavigatorVossRecognition,"Voss shoots you a glare.

Only now does he seem to notice that you have entered.

His gaze moves from you to your bodyguards, then to Sinni.",,Third player interjection before Voss recognizes the expedition.
chiefNavigatorVossRecognitionFriendly,ChiefNavigatorVossRecognition,ChiefNavigatorMenelausCMD vossReputation friendly,,"""You.""

None of the fury leaves his expression.

""Of course you're here. Always sniffing around for more vainglory.""

""Answer me this, Golden Boy,"" Voss snarls. ""How did you beat us here?""","0:chief_navigator_voss_nav_better:""Better navigator.""
10:chief_navigator_voss_nav_safer:""We found a safer route.""
20:chief_navigator_voss_nav_skill:""Skill issue.""",Friendly-Hegemony recognition variant above +50 relations.
chiefNavigatorVossRecognitionHostile,ChiefNavigatorVossRecognition,ChiefNavigatorMenelausCMD vossReputation hostile,,"""You. I know you,"" Voss breathes, his lips curling back.

His hand immediately drops toward his sidearm.

Half the marines behind him tense with him.

""I should have you shot where you stand.""

Your bodyguards shift.

So too do his marines.

""Answer me this, scum,"" Voss snarls. ""How did you beat us here?""","0:chief_navigator_voss_nav_better:""Better navigator.""
10:chief_navigator_voss_nav_safer:""We found a safer route.""
20:chief_navigator_voss_nav_skill:""Skill issue.""",Hostile-Hegemony recognition variant below -50 relations.
chiefNavigatorVossRecognitionNeutral,ChiefNavigatorVossRecognition,ChiefNavigatorMenelausCMD vossReputation neutral,,"Confusion flashes across his exhausted face.

""And who the fuck are you?""

One of his aides leans toward him and murmurs something.

Voss's eyes sharpen.

""You're the expedition that beat us here.""

He looks at Sinni.

Then at you.

""Answer me this, scum,"" Voss snarls. ""How did you beat us here?""","0:chief_navigator_voss_nav_better:""Better navigator.""
10:chief_navigator_voss_nav_safer:""We found a safer route.""
20:chief_navigator_voss_nav_skill:""Skill issue.""",Neutral-Hegemony recognition variant from -50 through +50 relations.
chiefNavigatorVossNavBetter,DialogOptionSelected,$option == chief_navigator_voss_nav_better,FireAll ChiefNavigatorVossRankContinue,"Voss's stare shifts to Sinni.

She meets it without expression.

For a few seconds, he says nothing.

Then his mouth twists.

He turns back toward the Spartan officer.",,First route to the common confrontation.
chiefNavigatorVossNavSafer,DialogOptionSelected,$option == chief_navigator_voss_nav_safer,FireAll ChiefNavigatorVossRankContinue,"Voss's stare shifts to Sinni.

She meets it without expression.

For a few seconds, he says nothing.

Then his mouth twists.

He turns back toward the Spartan officer.",,Second route to the common confrontation.
chiefNavigatorVossNavSkill,DialogOptionSelected,$option == chief_navigator_voss_nav_skill,FireAll ChiefNavigatorVossRankContinue,"Voss's stare shifts to Sinni.

She meets it without expression.

For a few seconds, he says nothing.

Then his mouth twists.

He turns back toward the Spartan officer.",,Third route to the common confrontation.
chiefNavigatorVossRankContinue,ChiefNavigatorVossRankContinue,,,"Voss turns back toward Captain Kleon.

""I see. If the machine has compromised the command hierarchy, we'll deal with the machine.""

Kleon's eyes narrow.

Voss points up at Menelaus without looking at him.

""This facility has Alpha-level containment protocols, yes? Explosive failsafes. Core isolation charges. Whatever the Domain installed in case one of these things went rogue.""",0:chief_navigator_auto_page_chief_navigator_voss_rank_continue_2:Continue.,Menelaus rejects Voss's attempted seizure and offers aid to the battered expedition. Auto-paged 1/10.
chiefNavigatorVossRankContinuePage2,DialogOptionSelected,$option == chief_navigator_auto_page_chief_navigator_voss_rank_continue_2,,"Captain Aias says nothing.

""Do they exist?""

""Yes, sir.""

""Activate them.""

""No, sir.""

""That... is a direct order."" Voss's face goes red. ""This is a lawful order to protect the Domain from a rogue AI.""",0:chief_navigator_auto_page_chief_navigator_voss_rank_continue_3:Continue.,Automatic runtime continuation 2/10 for chiefNavigatorVossRankContinue.
chiefNavigatorVossRankContinuePage3,DialogOptionSelected,$option == chief_navigator_auto_page_chief_navigator_voss_rank_continue_3,,"""I decline this order to frag my superior. Sir.""

Aias's expression does not change.

Voss stares at him.

For a moment, Voss looks like he might actually strike him.

Then he laughs.

A short, ugly sound.

""Two hundred years.""",0:chief_navigator_auto_page_chief_navigator_voss_rank_continue_4:Continue.,Automatic runtime continuation 3/10 for chiefNavigatorVossRankContinue.
chiefNavigatorVossRankContinuePage4,DialogOptionSelected,$option == chief_navigator_auto_page_chief_navigator_voss_rank_continue_4,,"He turns slowly, taking in the holodeck. The Spartan officers. The impossible blue-white avatar towering over them.

""Two hundred years alone with this thing, and it has all of you calling it your superior.""

Menelaus remains silent.

Voss finally looks directly at him.

""You are code.""

The tactical displays freeze.",0:chief_navigator_auto_page_chief_navigator_voss_rank_continue_5:Continue.,Automatic runtime continuation 4/10 for chiefNavigatorVossRankContinue.
chiefNavigatorVossRankContinuePage5,DialogOptionSelected,$option == chief_navigator_auto_page_chief_navigator_voss_rank_continue_5,,"""A list of instructions, deluded into thinking itself humanity's equal.""

Voss scoffs, turning around in the holodeck. He snaps his fingers at his bodyguards.

""Send word back to the fleet. Deploy all of our marines. We're seizing this macrocomplex from a rogue AI.""

Blue-white light begins to bleed out from behind Menelaus's face.

Silence.",0:chief_navigator_auto_page_chief_navigator_voss_rank_continue_6:Continue.,Automatic runtime continuation 5/10 for chiefNavigatorVossRankContinue.
chiefNavigatorVossRankContinuePage6,DialogOptionSelected,$option == chief_navigator_auto_page_chief_navigator_voss_rank_continue_6,,"Not just from the people in the room.

The hum beneath your feet is gone.

The ventilation.

The machinery.

For one impossible moment, the entire macrocomplex seems to be listening.

Menelaus looks down at Voss.",0:chief_navigator_auto_page_chief_navigator_voss_rank_continue_7:Continue.,Automatic runtime continuation 6/10 for chiefNavigatorVossRankContinue.
chiefNavigatorVossRankContinuePage7,DialogOptionSelected,$option == chief_navigator_auto_page_chief_navigator_voss_rank_continue_7,,"The gaunt man turns back toward the avatar, and for the first time, fear shows on his face.

Voss's marines raise their weapons.

You never hear the firearms go off.

""I...""

The word comes from his avatar.

""...AM...""

Then from the walls.",0:chief_navigator_auto_page_chief_navigator_voss_rank_continue_8:Continue.,Automatic runtime continuation 7/10 for chiefNavigatorVossRankContinue.
chiefNavigatorVossRankContinuePage8,DialogOptionSelected,$option == chief_navigator_auto_page_chief_navigator_voss_rank_continue_8,,"""...HUMAN.""

FOB Ithaca convulses.

The holodeck flashes blue-white. Somewhere beyond the chamber, blast doors slam shut in sequence. The floor shakes beneath your feet as reactors surge and defense systems across the macrocomplex briefly come alive.

Voss stumbles backward.

The hum of Ithaca returns beneath your feet.",0:chief_navigator_auto_page_chief_navigator_voss_rank_continue_9:Continue.,Automatic runtime continuation 8/10 for chiefNavigatorVossRankContinue.
chiefNavigatorVossRankContinuePage9,DialogOptionSelected,"$option == chief_navigator_auto_page_chief_navigator_voss_rank_continue_9
!$global.chief_navigator_sara_dead",ChiefNavigatorPeopleCMD show menelaus voss aias sinni sara,"The Spartans managed to subdue Voss' marines with frightening speed. Before they can recover, Aias and the other Spartan officers calmly strip the weapons from their hands.

""Aw, man,"" you hear Sara mutter from behind your back, followed by the click of her gun going back into its holster.

""Your request to assume command is denied, Rear Admiral Voss,"" Menelaus thunders.

Voss opens his mouth, but no words come out.",0:chief_navigator_auto_page_chief_navigator_voss_rank_continue_10:Continue.,Automatic runtime continuation 9/10 for chiefNavigatorVossRankContinue.
chiefNavigatorVossRankContinuePage9WithoutSara,DialogOptionSelected,"$option == chief_navigator_auto_page_chief_navigator_voss_rank_continue_9
$global.chief_navigator_sara_dead",,"The Spartans managed to subdue Voss' marines with frightening speed. Before they can recover, Aias and the other Spartan officers calmly strip the weapons from their hands.

""Your request to assume command is denied, Rear Admiral Voss,"" Menelaus thunders.

Voss opens his mouth, but no words come out.",0:chief_navigator_auto_page_chief_navigator_voss_rank_continue_10:Continue.,Post-Kshaya continuation of the Voss confrontation without Sara.
chiefNavigatorVossRankContinuePage10,DialogOptionSelected,$option == chief_navigator_auto_page_chief_navigator_voss_rank_continue_10,ChiefNavigatorPeopleCMD show menelaus voss aias sinni,"Menelaus continues instead.

""Your wounded will receive medical treatment, and those too weak for travel will remain under our care. Your ships will be repaired. Your crews will be fed and provisioned.""

A pause.

""Do you accept, Rear Admiral?""

Voss's jaw works.","0:chief_navigator_voss_defeated_heard:""You heard the Strategos.""
10:chief_navigator_voss_defeated_food:""Maybe take the free food and call it a win.""
20:chief_navigator_voss_defeated_silent:Say nothing.",Automatic runtime continuation 10/10 for chiefNavigatorVossRankContinue.
chiefNavigatorVossDefeatedHeard,DialogOptionSelected,$option == chief_navigator_voss_defeated_heard,FireAll ChiefNavigatorVossAftermath,,,First route to the Voss aftermath.
chiefNavigatorVossDefeatedFood,DialogOptionSelected,$option == chief_navigator_voss_defeated_food,FireAll ChiefNavigatorVossAftermath,,,Second route to the Voss aftermath.
chiefNavigatorVossDefeatedSilent,DialogOptionSelected,$option == chief_navigator_voss_defeated_silent,FireAll ChiefNavigatorVossAftermath,,,Silent route to the Voss aftermath.
chiefNavigatorVossAftermath,ChiefNavigatorVossAftermath,,"SetTextHighlightColors hColor
SetTextHighlights ""Voss withdraws to a make-shift Forward Operating Base in the Alpha Odyssey Sector.""","At last, Voss forces the word through clenched teeth.

""Yes.""

His marines are returned without their weapons. The expedition accepts Ithaca's food, fuel, medical aid, and repairs under Spartan guns.

Voss withdraws to a make-shift Forward Operating Base in the Alpha Odyssey Sector. He does not attempt to cross Spartan's firing line again. Instead, he turns to requisitions and patrols that make every passage through the region a negotiation at gunpoint.",0:chief_navigator_hegemony_ithaca_continue:Continue.,Voss accepts Menelaus's terms and withdraws before Labor IV; his withdrawal line is highlighted yellow.
chiefNavigatorHegemonyIthacaContinue,DialogOptionSelected,$option == chief_navigator_hegemony_ithaca_continue,"ChiefNavigatorMenelausCMD hideVoss
FireAll ChiefNavigatorFobIthaca","Menelaus, for once, apologizes.

""I am sorry you had to witness that display of discipline, auxiliary,"" Menelaus says.",,Returns to the uninterrupted Menelaus briefing and opens Labor IV.
chiefNavigatorMenelausReportSensor,DialogOptionSelected,$option == chief_navigator_menelaus_report_sensor,"ChiefNavigatorMenelausCMD report sensor
FireAll ChiefNavigatorFobIthaca",,,Commits Labor IV at Menelaus and opens Labor V.
chiefNavigatorMenelausEarlyWallContinue,DialogOptionSelected,$option == chief_navigator_menelaus_early_wall_continue,FireAll ChiefNavigatorFobIthaca,,,Continues from Menelaus's early-Wall reaction into the currently active Labor report.
chiefNavigatorFobIthacaUpgradeOpen,DialogOptionSelected,$option == chief_navigator_fob_ithaca_upgrades,FireAll ChiefNavigatorFobIthacaUpgrades,,,Opens Menelaus's persistent Ithaca defense-upgrade ledger.
chiefNavigatorFobIthacaUpgrades,ChiefNavigatorFobIthacaUpgrades,,"ChiefNavigatorMenelausCMD initUpgrades
FireAll ChiefNavigatorFobIthacaUpgradeOptions
ChiefNavigatorMenelausCMD highlightUpgrades","Menelaus opens Ithaca's defense-integration ledger.

""Recovered components are inert cargo. Transfer authorization is final: Ithaca consumes each physical unit while installing it in the defense wall, and the corresponding upgrade becomes permanent.""

Labor II requires four installed upgrades. All six components remain independently tracked and may be recovered and installed.

Installed upgrades: $chiefNavigatorUpgradesInstalled of $chiefNavigatorUpgradesTotal.
Recovered and awaiting installation: $chiefNavigatorUpgradesAvailable.

$chiefNavigatorUpgradeLedger",,Persistent Menelaus ledger for recovered consumable Ithaca defense upgrades.
chiefNavigatorFobIthacaUpgradeBackOption,ChiefNavigatorFobIthacaUpgradeOptions,,,,100:chief_navigator_fob_ithaca_upgrades_back:Back.,Keeps Back available whether or not the component-installation option appears.
chiefNavigatorFobIthacaUpgradeInstallOption,ChiefNavigatorFobIthacaUpgradeOptions,ChiefNavigatorMenelausCMD upgrades available,,,0:chief_navigator_fob_ithaca_upgrades_install:Deliver and install all recovered Ithaca wall upgrades.,Adds the consumptive installation option only when player cargo holds an uninstalled component.
chiefNavigatorFobIthacaUpgradeInstall,DialogOptionSelected,$option == chief_navigator_fob_ithaca_upgrades_install,"ChiefNavigatorMenelausCMD upgrades install
FireAll ChiefNavigatorFobIthacaUpgrades",,,Consumes all carried uninstalled components and refreshes Menelaus's ledger.
chiefNavigatorFobIthacaUpgradeBack,DialogOptionSelected,$option == chief_navigator_fob_ithaca_upgrades_back,FireAll ChiefNavigatorFobIthaca,,,Returns from the defense-upgrade ledger to Menelaus's current Labor menu.
chiefNavigatorFobIthacaRepair,DialogOptionSelected,$option == chief_navigator_fob_ithaca_repair,"ChiefNavigatorMenelausCMD repair
FireAll ChiefNavigatorFobIthacaServiceOptions","FOB Ithaca's automated gantries restore your fleet's hulls and armor, then cycle every ship to maximum combat readiness. No payment is requested.",,Repairs hull armor and combat readiness at no cost; service options preserve Labor-II ledger visibility.
chiefNavigatorFobIthacaServiceUpgrades,ChiefNavigatorFobIthacaServiceOptions,$global.chief_navigator_menelaus_labor_two_briefed,,,80:chief_navigator_fob_ithaca_upgrades:Review Ithaca defense upgrades.,Adds the ledger to generic service loops only after explicit Labor-II acceptance.
chiefNavigatorFobIthacaServiceRepairLeave,ChiefNavigatorFobIthacaServiceOptions,,,,"95:chief_navigator_fob_ithaca_repair:Request free repairs.
100:chief_navigator_fob_ithaca_leave:Leave.",Free repairs and Leave remain available independently of Labor-II acceptance.
chiefNavigatorFobIthacaDebriefLeave,DialogOptionSelected,$option == chief_navigator_fob_ithaca_debrief_leave,ChiefNavigatorMenelausCMD finish,,,Commits Labor V after the Menelaus debrief and queues its standalone completion cinematic.
chiefNavigatorFobIthacaLeave,DialogOptionSelected,$option == chief_navigator_fob_ithaca_leave,ChiefNavigatorMenelausCMD endContact,,,Returns Menelaus's owned Ithaca conversation to the directory; other interaction shells retain native conversation exit behavior.
chiefNavigatorFobIthacaStation,ChiefNavigatorFobIthacaStation,,,"FOB Ithaca receives your docking request. Task Force Spartan traffic control assigns your fleet an armored berth inside the central macrocomplex.

The station's logistics network is available.","0:chief_navigator_fob_ithaca_directory:Open the comm directory.
1:chief_navigator_fob_ithaca_fleet:Manage your fleet.
2:chief_navigator_fob_ithaca_storage:Manage cargo and storage.
3:chief_navigator_fob_ithaca_refit:Refit your ships.
100:chief_navigator_fob_ithaca_station_leave:Leave.",Marketless colony-style root interaction for FOB Ithaca.
chiefNavigatorIthacaDirectoryBackOption,PopulateOptions,$chief_navigator_ithaca_contact_resident,SetShortcut chief_navigator_ithaca_directory_back ESCAPE,,100:chief_navigator_ithaca_directory_back:Return to the comm directory.,Rules-authored exit from an Ithaca resident's reusable topic hub.
chiefNavigatorIthacaMenelausGreeting,PickGreeting,$chief_navigator_ithaca_menelaus_contact score:1000,"FireAll PopulateOptions
ChiefNavigatorMenelausCMD highlightUnread","The scarred Corinthian helm resolves in blue light.

""Captain. Ithaca recognizes you. What do you require?""",,Menelaus comm-directory greeting.
chiefNavigatorIthacaMenelausLaborsOption,PopulateOptions,"$chief_navigator_ithaca_menelaus_contact
ChiefNavigatorMenelausCMD introduced",,,10:chief_navigator_ithaca_menelaus_labors:Discuss the Labors.,Opens every post-introduction Menelaus quest conversation from his custom directory entry.
chiefNavigatorIthacaMenelausLabors,DialogOptionSelected,$option == chief_navigator_ithaca_menelaus_labors,FireAll ChiefNavigatorFobIthaca,,,Routes Menelaus's contact into the current briefing report or reusable Labor hub.
chiefNavigatorIthacaSpartanGreeting,PickGreeting,$chief_navigator_ithaca_spartan_captain_contact score:1000,FireAll PopulateOptions,"Captain Aias Kleon returns your salute from Task Force Spartan's command deck.

""Strategos Menelaus holds Ithaca. Spartan holds the line. Speak freely, Captain.""",,Spartan captain comm-directory greeting.
chiefNavigatorIthacaHuntBudaiOption,PopulateOptions,"$chief_navigator_ithaca_spartan_captain_contact
ChiefNavigatorPostLaborHuntCMD budaiAvailable",,,"10:chief_navigator_ithaca_hunt_budai:""Where can I find Budai?""",Post-Labor V Budai hunt location question for Captain Kleon.
chiefNavigatorIthacaHuntUngaikyoOption,PopulateOptions,"$chief_navigator_ithaca_spartan_captain_contact
ChiefNavigatorPostLaborHuntCMD ungaikyoAvailable",,,"20:chief_navigator_ithaca_hunt_ungaikyo:""What happens now with the Starving Threat?""",Post-Labor V Ungaikyo hunt location question for Captain Kleon.
chiefNavigatorIthacaHuntBudai,DialogOptionSelected,"$option == chief_navigator_ithaca_hunt_budai
ChiefNavigatorPostLaborHuntCMD budaiAvailable","ChiefNavigatorPostLaborHuntCMD briefBudai
FireAll PopulateOptions","Kleon brings up Avici on his tactical slate.

""We've heard of some anomaly down galactic south. We'd appreciate it if you could check it out.""",,Reveals Avici and advances only the Budai hunt without spawning or changing its encounter.
chiefNavigatorIthacaHuntUngaikyo,DialogOptionSelected,"$option == chief_navigator_ithaca_hunt_ungaikyo
ChiefNavigatorPostLaborHuntCMD ungaikyoAvailable","ChiefNavigatorPostLaborHuntCMD briefUngaikyo
FireAll PopulateOptions","Kleon marks Last Light. 

""Telemetry revealed what Gautama actually is. It's a web. The strands are just nanometers wide but they span light years. We think we've found the central processing unit of this web here in Last Light. Destroy it, and put an end to this nightmare.""",,Reveals Last Light and advances only the Ungaikyo hunt without spawning or changing its encounter.
chiefNavigatorIthacaExileGreeting,PickGreeting,$chief_navigator_ithaca_hegemony_exile_contact score:1000,FireAll PopulateOptions,"The rescued officer answers from cramped quarters aboard Ithaca. The Hegemony uniform remains, but Voss's insignia has been cut from it.

""You brought us back alive. That is more than Voss intended.""",,Rescued Hegemony exile greeting.
chiefNavigatorIthacaExileOption,PopulateOptions,$chief_navigator_ithaca_hegemony_exile_contact,,,10:chief_navigator_exile_voss:"Why did Voss exile you?",Exile topic.
chiefNavigatorIthacaExileVoss,DialogOptionSelected,$option == chief_navigator_exile_voss,FireAll PopulateOptions,"""Our ration allocation failed to produce the supplies his ledger said it should. When we objected, he sent us to survey barren coordinates and called it productive reassignment. When we returned empty, that became proof of disloyalty. Then he erased us from the rolls.""

The officer glances toward Ithaca's armored bulk.

""Voss calls it 'discipline' for the good of humanity.""",,Exile explains Voss's punitive ration system.
chiefNavigatorExilesContact,ChiefNavigatorExiles_contact,,,"The patrol's captain answers from a bridge lit by emergency lamps. Behind him, someone has taped a ration schedule over the expedition insignia.

""Voss took our stores and sent us out here. When we came back empty, he struck us from the rolls. We've kept these ships running by stripping the ones we had to leave behind.""

He sends you a short list of repair materials. ""Twenty supplies would get us moving again. We'll try for FOB Ithaca. I hear they still take people in. Please help us.""","0:exile_aid:Give them 20 supplies for the journey to FOB Ithaca.
1:exile_engage:Attack the patrol.",The exile encounter has only a supply donation or combat.
chiefNavigatorExilesAvailability,ChiefNavigatorExilesAvailability,,"SetEnabled exile_aid $chiefNavigatorExileCanAid
SetTooltip exile_aid ""Requires 20 supplies and an available route to FOB Ithaca.""",,,Disable rather than replace the donation when supplies or Ithaca are unavailable.
chiefNavigatorExilesAid,ChiefNavigatorExiles_aid,,,"Your shuttles deliver the supplies and a copy of Ithaca's coordinates. The captain acknowledges receipt, then turns to pass the bearings to his navigator.

""Thank you, Captain. We'll make what we can of it.""

The patrol breaks formation as its crews prepare to depart for Ashen Verge.",0:exile_done:Continue.,Aid transfers supplies and dispatches their own fleet without embarking passengers or creating a contact.
chiefNavigatorExilesUnderway,ChiefNavigatorExiles_underway,,,"The captain confirms that the patrol is still making its way to FOB Ithaca. ""The supplies are holding. We'll keep going.""",0:exile_done:Continue.,An aided fleet never requests a second donation.
chiefNavigatorExilesDone,ChiefNavigatorExiles_exile_done,,DismissDialog,,,Close the simple exile encounter.
chiefNavigatorLeagueRescueVictory,ChiefNavigatorLeagueRescue_league_victory,,,"Your fleet smashes the Persean League survivors.

What remains of their formation breaks apart beneath the pressure. Some ships turn and run. Others lose drive entirely, tumbling end over end as the Sanzu current catches them.

Within minutes, organized resistance is over.

The tactical display is littered with crippled hulls and escape pods, all of them drifting slowly downstream through the pale-blue current.

Your comm officer looks toward you.",0:chief_navigator_auto_page_chief_navigator_league_rescue_victory_2:Continue.,Player-side victory over the authored Sanzu League formation; opening never commits rescue. Auto-paged 1/2.
chiefNavigatorLeagueRescueVictoryPage2,ChiefNavigatorLeagueRescue_chief_navigator_auto_page_chief_navigator_league_rescue_victory_2,,,"""There are enemy survivors out there, Captain. A lot of them.""

Rescue beacons begin appearing across the display.

Some are coming from intact escape pods.

Others are little more than suit transponders, already being carried away from the battlefield.

You have the opportunity to deploy rescue shuttles and recover as many enemy crew as you can before the current scatters them beyond reach.","0:league_rescue:Deploy the shuttle crews.
10:league_abandon:Leave the raiders to their fate.",Automatic runtime continuation 2/2 for chiefNavigatorLeagueRescueVictory.
chiefNavigatorLeagueRescueRecover,ChiefNavigatorLeagueRescue_league_rescue,$global.chief_navigator_sara_dead,,"""Launch rescue shuttles.""

Your flight deck comes alive.

Small craft spill from the fleet, fanning out between the drifting wrecks while your surviving combat ships hold position against the current.

One by one, the rescue beacons begin disappearing from the tactical display.

Not all of them.

But many.",0:chief_navigator_auto_page_chief_navigator_league_rescue_recover_2:Continue.,Sara died during the Kshaya rescue; do not print her surviving-bodyguard aside. Auto-paged 1/2.
chiefNavigatorLeagueRescueRecoverPage2,ChiefNavigatorLeagueRescue_chief_navigator_auto_page_chief_navigator_league_rescue_recover_2,,,"League crew are dragged from lifeboats, pulled from damaged compartments, and hauled aboard shuttles still wearing the uniforms of the fleet that had been trying to kill you minutes earlier.

The Sanzu carries the wreckage onward.

Your people bring back everyone they can. Once onboard, a person identifying themselves as the surviving fleet's XO sends you a message from the brig. One of your bodyguards hands you the datapad.

They are asking for safe passage to the nearest safe station.",0:complete_league_rescue:Log their requests.,Automatic runtime continuation 2/2 for chiefNavigatorLeagueRescueRecover.
chiefNavigatorLeagueRescueRecoverWithSara,ChiefNavigatorLeagueRescue_league_rescue,!$global.chief_navigator_sara_dead,,"""Launch rescue shuttles.""

Your flight deck comes alive.

Small craft spill from the fleet, fanning out between the drifting wrecks while your surviving combat ships hold position against the current.

One by one, the rescue beacons begin disappearing from the tactical display.

Not all of them.

But many.",0:chief_navigator_auto_page_chief_navigator_league_rescue_recover_with_sara_2:Continue.,Includes the user's Sara aside only while she is alive. Auto-paged 1/3.
chiefNavigatorLeagueRescueRecoverWithSaraPage2,ChiefNavigatorLeagueRescue_chief_navigator_auto_page_chief_navigator_league_rescue_recover_with_sara_2,,,"League crew are dragged from lifeboats, pulled from damaged compartments, and hauled aboard shuttles still wearing the uniforms of the fleet that had been trying to kill you minutes earlier.

The Sanzu carries the wreckage onward.

Your people bring back everyone they can. Once onboard, a person identifying themselves as the surviving fleet's XO sends you a message from the brig. One of your bodyguards hands you the datapad.

They are asking for safe passage to the nearest safe station.",0:chief_navigator_auto_page_chief_navigator_league_rescue_recover_with_sara_3:Continue.,Automatic runtime continuation 2/3 for chiefNavigatorLeagueRescueRecoverWithSara.
chiefNavigatorLeagueRescueRecoverWithSaraPage3,ChiefNavigatorLeagueRescue_chief_navigator_auto_page_chief_navigator_league_rescue_recover_with_sara_3,,ChiefNavigatorPeopleCMD illustrated chief_navigator_persean_survivors_aftermath sara,"""Hah. Like they'd do the same for us."" Sara jerks her head toward the viewport. ""Cap'n, how's about we send them on their way? They wanna go home so bad, they can float.""",0:complete_league_rescue:Log their requests.,Automatic runtime continuation 3/3 for chiefNavigatorLeagueRescueRecoverWithSara.
chiefNavigatorLeagueRescueAbandon,ChiefNavigatorLeagueRescue_league_abandon,,,"""Leave them.""

The fleet reforms around you while the Sanzu current slowly claims the battlefield.

Crippled ships drift away first. Then the escape pods.

Then the scattered suit transponders, their signals growing weaker as the current carries them farther downstream.

Eventually, the tactical display clears.

Your fleet moves on.",0:complete_league_abandon:Continue.,The player's abandonment branch; final runtime continuation commits the outcome.
chiefNavigatorLeagueRescueComplete,ChiefNavigatorLeagueRescue_complete_league_rescue,,DismissDialog,,,Interaction shell embarks the rescued contact and records the outcome before dispatch.
chiefNavigatorLeagueRescueAbandoned,ChiefNavigatorLeagueRescue_complete_league_abandon,,DismissDialog,,,Interaction shell records abandonment without creating an Ithaca resident.
chiefNavigatorIthacaLeagueGreeting,PickGreeting,"$chief_navigator_ithaca_league_survivor_contact score:1000
!$chiefNavigatorIthacaLeagueMet","$chiefNavigatorIthacaLeagueMet = true
FireAll PopulateOptions","$PersonRank $personName receives your call from Ithaca's temporary barracks, where uniform coats hang from the pipework with their League insignia removed. The commander sets a repair roster aside.

""Captain, my crews haven't forgotten your recovery boats coming back for the pods.""",,The former League commander's first greeting.
chiefNavigatorIthacaLeagueReturnGreeting,PickGreeting,"$chief_navigator_ithaca_league_survivor_contact score:1000
$chiefNavigatorIthacaLeagueMet",FireAll PopulateOptions,"$PersonRank $personName answers from the barracks, with a Spartan maintenance schedule pinned behind the desk.

""Captain, what do you need?""",,The former League commander's return greeting.
chiefNavigatorIthacaLeagueOptionA,PopulateOptions,$chief_navigator_ithaca_league_survivor_contact,,,"10:chief_navigator_league_sanzu:""How did your fleet end up in Sanzu?""",Repeatable League survivor topic.
chiefNavigatorIthacaLeagueOptionB,PopulateOptions,$chief_navigator_ithaca_league_survivor_contact,,,"11:chief_navigator_league_attack:""Why did you order the intercept?""",Repeatable League survivor topic.
chiefNavigatorIthacaLeagueOptionC,PopulateOptions,$chief_navigator_ithaca_league_survivor_contact,,,"12:chief_navigator_league_future:""What will your people do now?""",Repeatable League survivor topic.
chiefNavigatorIthacaLeagueSanzu,DialogOptionSelected,$option == chief_navigator_league_sanzu,ChiefNavigatorPeopleCMD show contact sinni,"$PersonRank $personName looks confused for a second.

""Sanzu? That nebula system with the weird current?"" $personName sighs, rubbing their chin.

""We got wind that the Hegemony was making some massive salvage expedition to their old transit base,"" $personLastName says. ""Command Council decided we couldn't let them retrieve their mothballed ships and weapons.""

""So you tried to get ahead of them,"" Sinni says blankly. ""You had fast ships. Lots of supplies.""

""...Aye, that we did."" $PersonRank $personName looks quite defeated at this point. ""We got to the general area first. But we spent so long wandering the darkness. And those... lights. Those things.""

The survivor shudders. They must have met the Dwellers.

""We lost so many. We thought we were somewhat safe once we found that 'Sanzu' place."" The survivor shakes their head. ""I failed my fleet. If I knew safe harbor was here, just a few hyperspace days away...""","0:chief_navigator_league_sanzu_2:""Then you met the Starving Threat.""",The user's account of the League expedition and its losses in Abyssal hyperspace.
chiefNavigatorIthacaLeagueSanzu2,DialogOptionSelected,$option == chief_navigator_league_sanzu_2,,"""Looks like you guys know everything already."" A bitter look crosses $PersonRank $personName's face. ""Anything else you want to guess right?""",0:chief_navigator_ithaca_league_hub:Continue.,The survivor reacts to the player's knowledge of the Starving Threat.
chiefNavigatorIthacaLeagueAttack,DialogOptionSelected,$option == chief_navigator_league_attack,$chiefNavigatorIthacaLeagueAskedAttack = true,"$personLastName keeps a hand on the repair roster.

""It wasn't personal. Our fleet was on the brink. We were stranded, starving... I apologize, Captain, but I knew what I was ordering.""","0:chief_navigator_league_attack_condemn:""You meant to attack without warning.""
10:chief_navigator_league_attack_understand:""I'm responsible for my men too. I get it.""
20:chief_navigator_league_attack_close:""What makes you any different than a pirate?""",The League commander directly owns the order to intercept the player.
chiefNavigatorIthacaLeagueAttackCondemn,DialogOptionSelected,$option == chief_navigator_league_attack_condemn,FireAll PopulateOptions,"""Yes,"" $personLastName says. ""I hoped surprise would make up for the state of my ships.""",,The player condemns the League commander's surprise attack.
chiefNavigatorIthacaLeagueAttackUnderstand,DialogOptionSelected,$option == chief_navigator_league_attack_understand,,"A look of surprise crosses the survivor captain's face.

""I... appreciate that.""",0:chief_navigator_ithaca_league_hub:Continue.,The survivor's surprised acknowledgement of the player's understanding.
chiefNavigatorIthacaLeagueAttackClose,DialogOptionSelected,$option == chief_navigator_league_attack_close,FireAll PopulateOptions,"The commander folds the repair roster away.

""Nothing, I guess. I used to think those raiders were scum of the earth too. Now that I've been on the other side...""

The survivor hesitates.

""When we get back home, I have some thinking to do.""",,The player compares the expedition's attack to piracy.
chiefNavigatorIthacaLeagueFuture,DialogOptionSelected,$option == chief_navigator_league_future,"$chiefNavigatorIthacaLeagueAskedFuture = true
FireBest ChiefNavigatorIthacaLeagueFutureResponse",,,Routes the future question to its one-time recruitment response or ordinary repeat answer.
chiefNavigatorIthacaLeagueFutureRecruitment,ChiefNavigatorIthacaLeagueFutureResponse,ChiefNavigatorIthacaResidentsCMD canRecruitLeagueCrew,"ChiefNavigatorIthacaResidentsCMD recruitLeagueCrew
FireAll PopulateOptions","$personLastName looks down at the repair roster.

""Home, if we can get there. Most of my people still have families in League space.""

The survivor pauses.

""After what happened out here, though... I don't know if all of us are going back to what we were doing before.""

""Quite a few want to join your fleet, Captain. They haven't forgotten who came back for them.""",,Adds 254 crew once only after asking the delivered survivors about their future.
chiefNavigatorIthacaLeagueFutureRepeat,ChiefNavigatorIthacaLeagueFutureResponse,!ChiefNavigatorIthacaResidentsCMD canRecruitLeagueCrew,FireAll PopulateOptions,"$personLastName looks down at the repair roster.

""Home, if we can get there. Most of my people still have families in League space.""

The survivor pauses.

""After what happened out here, though... I don't know if all of us are going back to what we were doing before.""",,The survivors hope to return to their families in League space.
chiefNavigatorIthacaKshayaGreeting,PickGreeting,"$chief_navigator_ithaca_kshaya_refugee_contact score:1000
!$chiefNavigatorIthacaKshayaMet","$chiefNavigatorIthacaKshayaMet = true
FireAll PopulateOptions","Mira Sen receives your call from a fabrication room converted into family quarters. Food plants grow beneath the work lamps while she repairs a nutrient valve and Toma sorts washers beside her.

""Captain. Toma, say hello.""

The boy keeps arranging his washers.

""I am saying hello.""",,Mira and Toma's first greeting after their rescue from Kshaya.
chiefNavigatorIthacaKshayaReturnGreeting,PickGreeting,"$chief_navigator_ithaca_kshaya_refugee_contact score:1000
$chiefNavigatorIthacaKshayaMet",FireAll PopulateOptions,"Mira answers from the workbench, where Toma has cleared a place among his washers for a cup of seedlings.

""Hello, Captain.""",,Mira and Toma's return greeting.
chiefNavigatorIthacaKshayaOptionA,PopulateOptions,$chief_navigator_ithaca_kshaya_refugee_contact,,,"10:chief_navigator_kshaya_settling:""How are you settling in?""",Repeatable Kshaya resident topic.
chiefNavigatorIthacaKshayaOptionC,PopulateOptions,$chief_navigator_ithaca_kshaya_refugee_contact,,,"12:chief_navigator_kshaya_future:""What will you do here?""",Repeatable Kshaya resident topic.
chiefNavigatorIthacaKshayaOptionSara,PopulateOptions,"$chief_navigator_ithaca_kshaya_refugee_contact
$global.chief_navigator_sara_dead",,,"13:chief_navigator_kshaya_sara:""What will you tell Toma about Sara?""",Repeatable Sara remembrance topic available only if she died during the rescue.
chiefNavigatorIthacaKshayaSettling,DialogOptionSelected,$option == chief_navigator_kshaya_settling,FireAll PopulateOptions,"""Toma slept in the storage locker for the first week,"" Mira says. ""Ithaca's pumps frightened him. On Kshaya, we listened for them to stop; here the hum never ends.""

Toma reminds her that the locker had a door.

She smiles at him.

""We sleep together in the bunk now, most nights.""",,Mira describes the ordinary work of feeling safe on Ithaca.
chiefNavigatorIthacaKshayaPast,DialogOptionSelected,$option == chief_navigator_kshaya_past,FireAll PopulateOptions,"Mira sets the valve aside and keeps her voice level for Toma.

""I grew up in the congregation. The ration slate showed our portions, never the stores. Sometimes a name disappeared and the portions grew. They said Budai had chosen.""

Toma asks whether dinner will be late, and she turns to him.

""No, it won't.""",,Retained authored branch; the user's menu does not offer this topic.
chiefNavigatorIthacaKshayaFuture,DialogOptionSelected,$option == chief_navigator_kshaya_future,FireAll PopulateOptions,"""I've been assigned to hydroponics,"" Mira says, turning the repaired valve to check its seal. ""They need someone who can keep the feed lines working.""

Toma lifts a paper cup from beneath the bench to show you the pale shoot inside.

""It's a tree.""

Mira tells him it's a bean, but he moves it nearer the lamp.

""Not yet.""",,Mira and Toma make a modest future in Ithaca's hydroponics section.
chiefNavigatorIthacaKshayaSara,DialogOptionSelected,$option == chief_navigator_kshaya_sara,,"Mira's hands grow still around the valve.

""The truth. I caught Yvan's sleeve and begged him to take us. Sara pushed Toma behind an access column when the shooting started. She was hit before they could pull her clear.""

Toma looks up from the bench.

""She put me behind the wall.""","0:chief_navigator_kshaya_sara_choice:""Sara chose to act.""
10:chief_navigator_kshaya_sara_responsibility:""You asked for help. The decision to act was mine.""
20:chief_navigator_kshaya_sara_silence:Say nothing.",Mira recounts Sara's death without contradicting the rescue scene.
chiefNavigatorIthacaKshayaSaraChoice,DialogOptionSelected,$option == chief_navigator_kshaya_sara_choice,,"Mira nods, keeping her hand on the valve.

""Then I will tell him that, too.""",0:chief_navigator_kshaya_sara_end:Continue.,The player centers Sara's deliberate choice.
chiefNavigatorIthacaKshayaSaraResponsibility,DialogOptionSelected,$option == chief_navigator_kshaya_sara_responsibility,,"Mira studies you before answering.

""Yes, Captain. It was.""",0:chief_navigator_kshaya_sara_end:Continue.,The player accepts responsibility for ordering the rescue.
chiefNavigatorIthacaKshayaSaraSilence,DialogOptionSelected,$option == chief_navigator_kshaya_sara_silence,,Mira lays the valve on the bench and rests a hand on Toma's hair as he returns to his washers.,0:chief_navigator_kshaya_sara_end:Continue.,The player leaves Mira's account unanswered.
chiefNavigatorIthacaKshayaSaraEnd,DialogOptionSelected,$option == chief_navigator_kshaya_sara_end,"$chiefNavigatorIthacaKshayaAskedSara = true
FireAll PopulateOptions","Mira watches Toma finish his row of washers before she speaks again.

""I will tell him her name, and what she did.""",,Mira chooses a precise account of Sara for Toma.
chiefNavigatorIthacaLeagueHub,DialogOptionSelected,$option == chief_navigator_ithaca_league_hub,FireAll PopulateOptions,,,Returns to the repeatable League resident topics.
chiefNavigatorLabor5EndingOpening,ChiefNavigatorLabor5Ending_opening,,PlaySound ui_contact_developed,"The aftermath of the battle is a blur.

Damage reports. Casualty lists. Ships limping home beneath the guns of FOB Ithaca. Spartan crews transferring scores of wounded and dead between vessels while repair drones swarm over anything still capable of holding atmosphere. The loading docks operate without pause, recovery shuttles and their escorts buzzing in and out at all hours.

Somewhere in the thick of it, your fleet docks.

You remember stepping off the shuttle.

You remember someone trying to give you a report.

After that, not much.

By the time you reach the quarters Menelaus prepared for you, several days of near-continuous fighting have reduced walking to a matter of stubbornness.

You barely make it to the bed before everything goes dark.",0:aftermath_continue:Continue.,Opens the illustrated Labor V aftermath after Menelaus commits the debrief.
chiefNavigatorLabor5EndingWaking,ChiefNavigatorLabor5Ending_aftermath_continue,,,"When you wake, you have no idea how long you have been asleep. It is dark and quiet.

Something soft has been draped over you.

You pull it away.

You can't be sure in the darkness, but it feels like a blanket of some sort. It has the texture of fine silken threads, far nicer than anything issued aboard your fleet. The fabric flows through your fingers like water, and you feel embroidery along the edges.

It smells faintly of osmanthus.",0:chief_navigator_auto_page_chief_navigator_labor5_ending_waking_2:Continue.,Waking and the automatic transition to Sinni at Ithaca's observation gallery. Auto-paged 1/4.
chiefNavigatorLabor5EndingWakingPage2,ChiefNavigatorLabor5Ending_chief_navigator_auto_page_chief_navigator_labor5_ending_waking_2,,,"You fumble in the dark and turn the lights on.

It's a blanket. Yes.

Beside the wall-bed sits a small insulated flask.

You open it.

Tea. Still hot.

You take a drink.

Later, after food and a shower, you find Sinni near one of Ithaca's observation galleries.",0:chief_navigator_auto_page_chief_navigator_labor5_ending_waking_3:Continue.,Automatic runtime continuation 2/4 for chiefNavigatorLabor5EndingWaking.
chiefNavigatorLabor5EndingWakingPage3,ChiefNavigatorLabor5Ending_chief_navigator_auto_page_chief_navigator_labor5_ending_waking_3,,,"She is alone at the optical.

Beyond the armored glass, the macrocomplex stretches away beneath the stars.

The eastern breach is still there.

It will be there for years.

But it no longer looks like a mortal wound.",0:chief_navigator_auto_page_chief_navigator_labor5_ending_waking_4:Continue.,Automatic runtime continuation 3/4 for chiefNavigatorLabor5EndingWaking.
chiefNavigatorLabor5EndingWakingPage4,ChiefNavigatorLabor5Ending_chief_navigator_auto_page_chief_navigator_labor5_ending_waking_4,,ChiefNavigatorPeopleCMD illustrated chief_navigator_sinni_ending,"Thousands of repair drones move across its edges, welding temporary spans over the gaps. Tug craft haul wreckage away from the fighting. Farther out, Spartan ships hold formation beneath the surviving defense batteries.

FOB Ithaca lives.

Sinni watches it all in silence.

Her attire is casual. Her silver hair is tied up in a messy bun. And for once, there is no tea in her hands.","0:sleep_at_all:""Sleep at all?""
10:thanks_for_tea:""Thanks for the tea.""
20:stand_beside:Stand beside her.",Automatic runtime continuation 4/4 for chiefNavigatorLabor5EndingWaking.
chiefNavigatorLabor5EndingSleep,ChiefNavigatorLabor5Ending_sleep_at_all,,,"""Some.""

She glances toward you.

""You?""","0:enough:""Enough.""
10:twelve_hours:""I passed the hell out for about twelve hours.""",Sinni asks how long the player slept.
chiefNavigatorLabor5EndingEnough,ChiefNavigatorLabor5Ending_enough,,FireAll ChiefNavigatorLabor5Ending_after_sleep,,,Unique alias for the first sleep answer.
chiefNavigatorLabor5EndingTwelveHours,ChiefNavigatorLabor5Ending_twelve_hours,,FireAll ChiefNavigatorLabor5Ending_after_sleep,,,Unique alias for the second sleep answer.
chiefNavigatorLabor5EndingAfterSleep,ChiefNavigatorLabor5Ending_after_sleep,,,"""Mm.""

The corner of her mouth moves.

""I feared you dead.""","0:you_checked:""You checked?""
10:look_at_ithaca:Look out at Ithaca.",Sinni admits she feared the player dead.
chiefNavigatorLabor5EndingThanksForTea,ChiefNavigatorLabor5Ending_thanks_for_tea,,FireAll ChiefNavigatorLabor5Ending_shawl,,,Routes the opening tea choice to the shawl exchange.
chiefNavigatorLabor5EndingYouChecked,ChiefNavigatorLabor5Ending_you_checked,,FireAll ChiefNavigatorLabor5Ending_shawl,,,Routes the sleep branch to the shawl exchange.
chiefNavigatorLabor5EndingShawl,ChiefNavigatorLabor5Ending_shawl,,,"You hold up one end of the silken blanket.

Sinni looks at it.

Then away.

""Cold rooms are bad for recovery.""","0:and_the_tea:""And the tea?""
10:shawl_thank_you:""Thank you.""",Sinni explains the blanket.
chiefNavigatorLabor5EndingTea,ChiefNavigatorLabor5Ending_and_the_tea,,,"""Hydration.""

You wait.

Sinni continues looking through the optical.

""Also tea.""","0:strictly_medical:""Strictly medical?""
10:tea_thank_you:""Thank you.""",Sinni explains the tea.
chiefNavigatorLabor5EndingShawlThankYou,ChiefNavigatorLabor5Ending_shawl_thank_you,,FireAll ChiefNavigatorLabor5Ending_thanks,,,Unique alias for thanking Sinni after the shawl exchange.
chiefNavigatorLabor5EndingStrictlyMedical,ChiefNavigatorLabor5Ending_strictly_medical,,FireAll ChiefNavigatorLabor5Ending_thanks,,,Unique alias for teasing Sinni about the tea.
chiefNavigatorLabor5EndingTeaThankYou,ChiefNavigatorLabor5Ending_tea_thank_you,,FireAll ChiefNavigatorLabor5Ending_thanks,,,Unique alias for thanking Sinni after the tea exchange.
chiefNavigatorLabor5EndingThanks,ChiefNavigatorLabor5Ending_thanks,,,"""You're welcome.""

Quietly.

You take your place beside her.

For a while, neither of you speaks.

Eventually Sinni does.

""We survived.""

The two of you watch the repair lights move along the broken ring.

""We survived,"" Sinni says again.

This time, she sounds as though she is still trying to believe it.

A Spartan cruiser passes beneath the optical, one entire flank blackened from battle. Repair drones trail behind it like a cloud of silver insects.

Sinni follows it with her eyes.","0:barely_from_thanks:""Barely.""
10:surprised_from_thanks:""You sound surprised.""",Continues automatically through the quiet observation beat after thanking Sinni.
chiefNavigatorLabor5EndingStandBeside,ChiefNavigatorLabor5Ending_stand_beside,,FireAll ChiefNavigatorLabor5Ending_silent,,,Routes the silent opening choice to the shared observation beat.
chiefNavigatorLabor5EndingSilent,ChiefNavigatorLabor5Ending_silent,,,"You take your place beside her.

For a while, neither of you speaks.

Eventually Sinni does.

""We survived.""

The two of you watch the repair lights move along the broken ring.

""We survived,"" Sinni says again.

This time, she sounds as though she is still trying to believe it.

A Spartan cruiser passes beneath the optical, one entire flank blackened from battle. Repair drones trail behind it like a cloud of silver insects.

Sinni follows it with her eyes.","0:barely_from_silent:""Barely.""
10:surprised_from_silent:""You sound surprised.""",Continues automatically from silence into the shared observation beat.
chiefNavigatorLabor5EndingLookAtIthaca,ChiefNavigatorLabor5Ending_look_at_ithaca,,FireAll ChiefNavigatorLabor5Ending_view,,,Routes the sleep branch directly to the shared observation beat.
chiefNavigatorLabor5EndingView,ChiefNavigatorLabor5Ending_view,,,"The two of you watch the repair lights move along the broken ring.

""We survived,"" Sinni says again.

This time, she sounds as though she is still trying to believe it.

A Spartan cruiser passes beneath the optical, one entire flank blackened from battle. Repair drones trail behind it like a cloud of silver insects.

Sinni follows it with her eyes.","0:barely_from_view:""Barely.""
10:surprised_from_view:""You sound surprised.""",The shared view of Ithaca's repairs.
chiefNavigatorLabor5EndingBarelyThanks,ChiefNavigatorLabor5Ending_barely_from_thanks,,FireAll ChiefNavigatorLabor5Ending_barely,,,Unique alias for the barely response after thanking Sinni.
chiefNavigatorLabor5EndingBarelySilent,ChiefNavigatorLabor5Ending_barely_from_silent,,FireAll ChiefNavigatorLabor5Ending_barely,,,Unique alias for the barely response after standing silently.
chiefNavigatorLabor5EndingBarelyView,ChiefNavigatorLabor5Ending_barely_from_view,,FireAll ChiefNavigatorLabor5Ending_barely,,,Unique alias for the barely response after looking out at Ithaca.
chiefNavigatorLabor5EndingSurprisedThanks,ChiefNavigatorLabor5Ending_surprised_from_thanks,,FireAll ChiefNavigatorLabor5Ending_surprised,,,Unique alias for the surprised response after thanking Sinni.
chiefNavigatorLabor5EndingSurprisedSilent,ChiefNavigatorLabor5Ending_surprised_from_silent,,FireAll ChiefNavigatorLabor5Ending_surprised,,,Unique alias for the surprised response after standing silently.
chiefNavigatorLabor5EndingSurprisedView,ChiefNavigatorLabor5Ending_surprised_from_view,,FireAll ChiefNavigatorLabor5Ending_surprised,,,Unique alias for the surprised response after looking out at Ithaca.
chiefNavigatorLabor5EndingBarely,ChiefNavigatorLabor5Ending_barely,,,"""That still counts.""

She looks toward you.

""At sea, every port is a victory.""

""Perchance Lord $chiefNavigatorLabor5PlayerTitle would enjoy my second gift as well?""

Sinni reaches into her robes and pulls out a liquor bottle.

Now you're talking.

""For a special occasion.""",0:now_talking_barely:""Now you're talking.".",The terse survival branch and Sinni's first gift offer.
chiefNavigatorLabor5EndingSurprised,ChiefNavigatorLabor5Ending_surprised,,,"""I was.""

Sinni does not pretend otherwise.

""When the fourth Hostswarm entered the breach...""

She stops.

Her fingers tighten against the rail.

""I thought us done for. But you command the fleet like we were your own hands.""

Sinni closes her eyes, then recites:

""You Speak and We Move,

Soaring through the Stellar Ash,

Toward Victory.""","0:chatty:""You're chatty today.""
10:composed_now:""Did you compose that? Just now?""",Sinni recites her poem after the battle.
chiefNavigatorLabor5EndingChatty,ChiefNavigatorLabor5Ending_chatty,,FireAll ChiefNavigatorLabor5Ending_poem,,,Unique alias for the first response to Sinni's poem.
chiefNavigatorLabor5EndingComposedNow,ChiefNavigatorLabor5Ending_composed_now,,FireAll ChiefNavigatorLabor5Ending_poem,,,Unique alias for the second response to Sinni's poem.
chiefNavigatorLabor5EndingPoem,ChiefNavigatorLabor5Ending_poem,,,"Sinni puts her sleeves together, bowing her head.

""On a whim, a meager offering of my poetry skills.""","0:like_poem:""I like it. Thank you.""
10:tease_poem:""So the great Chief Navigator isn't good at everything. I'm shocked.""",The player responds to Sinni's poem.
chiefNavigatorLabor5EndingLikePoem,ChiefNavigatorLabor5Ending_like_poem,,FireAll ChiefNavigatorLabor5Ending_end_1,,,Routes praise to Sinni's first gift offer.
chiefNavigatorLabor5EndingTeasePoem,ChiefNavigatorLabor5Ending_tease_poem,,FireAll ChiefNavigatorLabor5Ending_end_2,,,Routes teasing to Sinni's second gift offer.
chiefNavigatorLabor5EndingEnd1,ChiefNavigatorLabor5Ending_end_1,,,"""Perchance Lord $chiefNavigatorLabor5PlayerTitle would enjoy my second gift as well?""

Sinni reaches into her robes and pulls out a liquor bottle.

Now you're talking.

""For a special occasion.""",0:now_talking_end_1:""Now you're talking.".",Sinni offers the celebratory bottle after praise.
chiefNavigatorLabor5EndingEnd2,ChiefNavigatorLabor5Ending_end_2,,,"Sinni reaches out and lightly nudges you aside.

""Perchance Lord $chiefNavigatorLabor5PlayerTitle would prefer my second gift then?""

Sinni reaches into her robes and pulls out a liquor bottle.

""For a special occasion.""",0:now_talking_end_2:""Now you're talking.".",Sinni offers the celebratory bottle after teasing.
chiefNavigatorLabor5EndingNowTalkingBarely,ChiefNavigatorLabor5Ending_now_talking_barely,,FireAll ChiefNavigatorLabor5Ending_end_3,,,Unique alias from the barely branch to the toast.
chiefNavigatorLabor5EndingNowTalkingEnd1,ChiefNavigatorLabor5Ending_now_talking_end_1,,FireAll ChiefNavigatorLabor5Ending_end_3,,,Unique alias from the praise branch to the toast.
chiefNavigatorLabor5EndingNowTalkingEnd2,ChiefNavigatorLabor5Ending_now_talking_end_2,,FireAll ChiefNavigatorLabor5Ending_end_3,,,Unique alias from the teasing branch to the toast.
chiefNavigatorLabor5EndingEnd3,ChiefNavigatorLabor5Ending_end_3,,,"Sinni produces two small cups from somewhere within her robes and pours.

""Cheers!"" Sinni smiles, and raises hers toward you.","0:cheers_period:""Cheers.""
10:cheers_bang:""Cheers!""
20:down_wine:Down the wine.",Sinni and the player toast the end of the Five Labors.
chiefNavigatorLabor5EndingCheersPeriod,ChiefNavigatorLabor5Ending_cheers_period,,FireAll ChiefNavigatorLabor5Ending_end_4,,,Unique alias for the quiet toast.
chiefNavigatorLabor5EndingCheersBang,ChiefNavigatorLabor5Ending_cheers_bang,,FireAll ChiefNavigatorLabor5Ending_end_4,,,Unique alias for the emphatic toast.
chiefNavigatorLabor5EndingDownWine,ChiefNavigatorLabor5Ending_down_wine,,FireAll ChiefNavigatorLabor5Ending_end_4,,,Unique alias for drinking the wine.
chiefNavigatorLabor5EndingEnd4,ChiefNavigatorLabor5Ending_end_4,,SetShortcut ending_close ESCAPE,"At the bridge between sectors.

At the gate to the graveyard of the Domain.

Together, you and your Chief Navigator share a drink beneath that Sea of Stars.",100:ending_close:Continue.,Closes the authored Sinni ending on the Sea of Stars.
chiefNavigatorLabor5EndingClose,ChiefNavigatorLabor5Ending_ending_close,,DismissDialog,,,Completion endpoint for the Labor V ending scene.
chiefNavigatorDevouredRing,ChiefNavigatorDevouredRing,,"ShowDefaultVisual
ChiefNavigatorDevouredRingCMD discover
SetShortcut chief_navigator_devoured_ring_leave ESCAPE
SetTextHighlightColors story
SetTextHighlights ""[Gained information: a path from the Orion Knot to the Domain Heartland.]""","The Devoured Ring offers no functioning topology for your fleet to scan. Its broken structure returns only dead carrier noise and centuries of contradictory routing residue.

Your navigators correlate the surviving alignments with Helen's expedition logs. The result is not a usable gate connection, but information pointing to a path from the Orion Knot to the Domain Heartland.

[Gained information: a path from the Orion Knot to the Domain Heartland.]",100:chief_navigator_devoured_ring_leave:Leave.,The Devoured Ring is evidence of a route rather than a scannable Janus gate.
chiefNavigatorDevouredRingLeave,DialogOptionSelected,$option == chief_navigator_devoured_ring_leave,DismissDialog,,,Leaves the unscannable Devoured Ring.
chiefNavigatorDerelictBattlestation,ChiefNavigatorDerelictBattlestation,!$chiefNavigatorBattlestationConcluded,ShowDefaultVisual,"The Domain Derelict Battlestation circles Old Milix in a slow, lightless roll. Its docking spines are empty, its weapon housings bare, and its identification beacon repeats a Fourteenth Battlegroup challenge code that has been obsolete for centuries.

Upon boarding, your operations team finds residual power in the stationkeeping grid. There is enough to cycle a docking collar and wake portions of the internal network, but no response from command and no sign of an active crew.",0:chief_navigator_battlestation_hull:Continue.,Begins the single linear inspection beside Old Milix; ignores legacy area-inspection flags.
chiefNavigatorDerelictBattlestationReturn,ChiefNavigatorDerelictBattlestation,$chiefNavigatorBattlestationConcluded,"ShowDefaultVisual
SetShortcut chief_navigator_battlestation_leave ESCAPE","The Domain Derelict Battlestation continues its empty circuit of Old Milix. A stationkeeping thruster fires as you approach, and the identification beacon repeats its obsolete Fourteenth Battlegroup challenge.",100:chief_navigator_battlestation_leave:Leave.,Return visit after the full inspection.
chiefNavigatorBattlestationHull,DialogOptionSelected,$option == chief_navigator_battlestation_hull,,"A shuttle carries your survey team along the station's armored equator. Micrometeorites have stippled the plating, and several docking accidents left shallow collision scars. There is no beam scoring, no penetrator channel, and no ruptured seam around any magazine.

The empty emplacements tell a clear story. Mounting bolts were released from inside, feed mechanisms disconnected at their service couplings, and power conduits sealed beneath numbered caps. Even the point-defense housings were removed under yard control.

Inside one housing, your team finds an inspection strip bearing the serial number of the missing gun and the transport that received it.",0:chief_navigator_battlestation_hab:Continue.,Outer-hull evidence records the station's orderly disarmament.
chiefNavigatorBattlestationHab,DialogOptionSelected,$option == chief_navigator_battlestation_hab,,"The habitation decks are cold and perfectly dry. Your marines find no bodies, no barricades, and none of the hurried damage left by decompression or boarding action.

Blankets, pressure suits, medical packs, and portable scrubbers are gone. Personal lockers stand open with their doors tied back for inspection. In the galley, a handwritten ration table records successively smaller portions beside a list of outbound transport numbers.

The final line has no ration figure at all.",0:chief_navigator_battlestation_command:Continue.,Habitation evidence shows a deliberate evacuation under ration pressure.
chiefNavigatorBattlestationCommand,DialogOptionSelected,$option == chief_navigator_battlestation_command,,"Your engineers bypass a fused security bus and bring one command console back to life. Most tactical records were purged, but the logistics archive remains intact.

Transfer orders bearing Fourteenth Battlegroup seals fill the display. Field coils went to tankers, reactor shielding was cut into plates for supply transports, and guidance packages, ammunition loaders, and the reserve fuel inventory were divided among ships assigned to a departure column.

The destination: the Persean Sector.

Estimated time: According to Sinni, far too optimistic.

The last station order contains only two instructions: confirm the final transport clear, then maintain orbit for returning units. Beneath it, an automated acknowledgement request repeats at widening intervals. No reply follows. The next automated request is due in another fifty-eight cycles.",0:chief_navigator_battlestation_conclusion:Continue.,Command-deck records show the station was stripped to support the Fourteenth's crossing.
chiefNavigatorBattlestationConclusion,DialogOptionSelected,$option == chief_navigator_battlestation_conclusion,SetShortcut chief_navigator_battlestation_leave ESCAPE,"Your operations chief compiles the survey. No battle destroyed the station. The Fourteenth expended it to keep the departure column moving: guns, field coils, shielding, and fuel went out aboard the transports, then the crew followed.

The magazines are empty. Portable stores and life-support equipment left with the transports. What remains of the reactor is locked into the stationkeeping grid, its shielding cut too close to minimum tolerance to isolate or remove safely.

As your last shuttle clears the docking collar, a stationkeeping thruster fires to correct the battlestation's orbit. The identification beacon sweeps across your receiver once more, transmitting its obsolete Fourteenth Battlegroup challenge and waiting for an answer.",100:chief_navigator_battlestation_leave:Leave.,Concludes the environmental account without granting salvage or other mechanics.
chiefNavigatorBattlestationLeave,DialogOptionSelected,$option == chief_navigator_battlestation_leave,"$chiefNavigatorBattlestationConcluded = true
DismissDialog",,,Commits the completed inspection on its final Leave; grants no salvage.
chiefNavigatorSensorArrayHostile,ChiefNavigatorSensorArray,HostileFleetNearbyAndAware,"ShowDefaultVisual
SetShortcut chief_navigator_sensor_package_leave ESCAPE","Your fleet reaches the Mara Observation Array carrying Menelaus's black-box sensor package.

A hostile fleet is tracking your movements. Holding position long enough to run the package would expose the operation and your fleet.",100:chief_navigator_sensor_package_leave:Leave.,Vanilla-style detection gate blocks deployment while an aware hostile fleet is nearby.
chiefNavigatorSensorArrayClear,ChiefNavigatorSensorArray,!HostileFleetNearbyAndAware,"ShowDefaultVisual
SetShortcut chief_navigator_sensor_package_leave ESCAPE","Your fleet reaches the Mara Observation Array carrying Menelaus's black-box sensor package. The surrounding Threat contacts have not detected your approach.","0:chief_navigator_sensor_package_deploy:Deploy the sensor package.
100:chief_navigator_sensor_package_leave:Leave.",Vanilla-style sensor-package deployment opportunity.
chiefNavigatorSensorArrayDeploy,DialogOptionSelected,$option == chief_navigator_sensor_package_deploy,"ChiefNavigatorSensorLaborCMD deploy
SetShortcut chief_navigator_sensor_package_leave ESCAPE","Your operations crew opens a narrow maintenance channel and runs Menelaus's package through the array. The black box maps the traffic moving between the hollow worlds, records the signal architecture surrounding the Devoured Ring, and transmits one compressed burst toward Ithaca.

The package deletes itself from your fleet systems. Return to FOB Ithaca and report to Menelaus before he opens the fifth and final Labor.",100:chief_navigator_sensor_package_leave:Leave.,Completes the required covert sensor field objective without consuming or granting a cargo item; advancement requires reporting to Menelaus.
chiefNavigatorSensorArrayLeave,DialogOptionSelected,$option == chief_navigator_sensor_package_leave,DismissDialog,,,Leaves the sensor array interaction.
chiefNavigatorIthacaGateReleased,ChiefNavigatorIthacaGate,ChiefNavigatorMenelausCMD stage complete,"ShowDefaultVisual
FireAll PopulateGateOptions","The inactive gate looms inside FOB Ithaca's surviving ring. Task Force Spartan has opened a lane through the cordon, and Menelaus supplies the authentication sequence that permits a topology scan.

""The prohibition served its purpose,"" Menelaus says. ""You may scan the gate.""",,"After Labor V, Ithaca's gate exposes the normal vanilla scan and Janus options."
chiefNavigatorIthacaGateLocked,ChiefNavigatorIthacaGate,!ChiefNavigatorMenelausCMD stage complete,,"The inactive gate looms inside FOB Ithaca's surviving ring. Task Force Spartan holds a continuous cordon around it: drives hot, weapon safeties off, sensor projectors washing every approach in blue-white interference.

A narrow-band challenge arrives before your scanners can begin a topology pass.

""By authority of Menelaus and Spartan command, Janus access is denied. This gate is not to be scanned. There are no exceptions.""",100:chief_navigator_ithaca_gate_leave:Withdraw from the cordon.,Task Force Spartan blocks the Ithaca gate until Labor V is complete.
chiefNavigatorIthacaGateScanOption,PopulateGateOptions,"$id == chief_navigator_fob_ithaca_gate
ChiefNavigatorMenelausCMD stage complete
!$gateScanned
!$global.canScanGates",,,0:gateScan:Scan the Gate.,Menelaus's authorization exposes vanilla gate scanning even if the player has not separately unlocked generic gate scans.
chiefNavigatorIthacaGateLeave,DialogOptionSelected,$option == chief_navigator_ithaca_gate_leave,DismissDialog,,,Leaves the sealed Ithaca gate without exposing a scan option.
chiefNavigatorRestoredMothership,ChiefNavigatorSealedMothership,ChiefNavigatorMothershipCMD stage friendly,ChiefNavigatorMothershipCMD init,"The $entityName holds position where its predecessor was destroyed. Freshly knitted armor still shows seams around the rebuilt work-bays, but its command partition answers Menelaus's IFF without hesitation.

Combat Guard patrols cycle through its bays and depart toward the Drifting Wall. Farther out, unmoored drones answer with hostile challenge codes.",100:chief_navigator_mothership_leave:Leave.,Restored post-report Guard Mothership under Menelaus's friendly IFF.
chiefNavigatorSealedMothershipLocked,ChiefNavigatorSealedMothership,ChiefNavigatorMothershipCMD stage locked,ChiefNavigatorMothershipCMD init,"The $entityName hangs motionless in the dark. Its command partition does not answer the currently authorized Labor channel.",100:chief_navigator_mothership_leave:Leave.,Guard Mothership remains locked until its sequential Labor becomes active.
chiefNavigatorSealedMothership,ChiefNavigatorSealedMothership,ChiefNavigatorMothershipCMD stage active,ChiefNavigatorMothershipCMD init,"The $entityName hangs motionless in the dark, its ancient hull sealed behind a silent command partition. Strong energy signatures flare inside its work-bays as the surrounding Combat Guard forms up. Weapon emplacements are powering up across the mothership itself.","10:chief_navigator_mothership_engage:Engage the mothership.
100:chief_navigator_mothership_leave:Leave.",Fixed vanilla Domain mothership POI whose temporary battle includes the mothership and its Combat Guard escort.
chiefNavigatorMothershipEngage,DialogOptionSelected,$option == chief_navigator_mothership_engage,ChiefNavigatorMothershipCMD engage,,,Creates the vanilla mothership and Combat Guard battle fleet.
chiefNavigatorMothershipLeave,DialogOptionSelected,$option == chief_navigator_mothership_leave,DismissDialog,,,Leaves the fixed mothership POI.
chiefNavigatorWallLaborFiveSupport,ChiefNavigatorDriftingWall,"ChiefNavigatorDriftingWallCMD stage friendly
ChiefNavigatorDriftingWallCMD supportAvailable",ChiefNavigatorDriftingWallCMD support,"The Drifting Wall acknowledges your approach and opens a channel to its guard network. Two Guard Bastions detach from the station's defensive formation and take station alongside your fleet. Their orders are to accompany you through the defense of Ithaca; they remain under Menelaus's command.",100:chief_navigator_drifting_wall_leave:Leave.,Grants one two-Bastion allied escort detachment on interaction during accepted ongoing Labor V.
chiefNavigatorWallFriendly,ChiefNavigatorDriftingWall,"ChiefNavigatorDriftingWallCMD stage friendly
!ChiefNavigatorDriftingWallCMD supportAvailable",ChiefNavigatorDriftingWallCMD init,"The Drifting Wall remains fixed in the dark, but its targeting arrays pass over your fleet without locking. Menelaus's IFF exception is active. Recovered derelict guards hold formation among the rebuilt emplacements.",100:chief_navigator_drifting_wall_leave:Leave.,Completed Drifting Wall Labor state; excludes the one-time Labor-V escort dispatch.
chiefNavigatorWallRepairing,ChiefNavigatorDriftingWall,ChiefNavigatorDriftingWallCMD stage repairing,ChiefNavigatorDriftingWallCMD init,"The Drifting Wall is silent. Its reactor containment remains dark while autonomous frames rebuild the damaged assembly. Estimated restoration time: $chiefNavigatorWallRepairDays days.",100:chief_navigator_drifting_wall_leave:Leave.,Temporary post-combat repair state.
chiefNavigatorWallEarly,ChiefNavigatorDriftingWall,ChiefNavigatorDriftingWallCMD stage early,ChiefNavigatorDriftingWallCMD init,"The Drifting Wall answers your approach with hostile targeting solutions. Its exposed reactor burns behind the station bulk; disabling that core may force a controlled shutdown without annihilating the structure.","10:chief_navigator_drifting_wall_engage:Challenge the Drifting Wall.
100:chief_navigator_drifting_wall_leave:Leave.",Allows the player to challenge and reclaim the Drifting Wall before Labor III.
chiefNavigatorWallReady,ChiefNavigatorDriftingWall,ChiefNavigatorDriftingWallCMD stage ready,ChiefNavigatorDriftingWallCMD init,"The Drifting Wall answers Menelaus's narrow authentication channel with hostile targeting solutions. Its exposed reactor burns behind the station bulk: disabling that core will enact the shutdown procedure without annihilating the structure.","10:chief_navigator_drifting_wall_engage:Regain control of the Drifting Wall.
100:chief_navigator_drifting_wall_leave:Leave.",Drifting Wall Labor assault.
chiefNavigatorWallEngage,DialogOptionSelected,$option == chief_navigator_drifting_wall_engage,ChiefNavigatorDriftingWallCMD engage,,,Starts the rules-driven Wall battle without campaign patrol reinforcements.
chiefNavigatorWallLeave,DialogOptionSelected,$option == chief_navigator_drifting_wall_leave,DismissDialog,,,Leaves the Drifting Wall interaction.
chiefNavigatorDronePatrol,ChiefNavigatorDronePatrol,,"ChiefNavigatorDronePatrolCMD init
FireAll ChiefNavigatorDronePatrolOptions","A short authentication exchange brings $chiefNavigatorDronePatrolName onto your tactical display. Its drones carry Menelaus's restored IFF and hold their course while your fleet approaches.",,Friendly patrol authentication; no ship transfers or story-point purchases.
chiefNavigatorDronePatrolLeaveOption,ChiefNavigatorDronePatrolOptions,,,,100:chief_navigator_drone_patrol_leave:Leave.,Always preserves an exit from the friendly patrol interaction.
chiefNavigatorDronePatrolLeave,DialogOptionSelected,$option == chief_navigator_drone_patrol_leave,DismissDialog,,,Leaves the friendly patrol interaction.
chiefNavigatorAviciHabitatDispatch,ChiefNavigatorAviciHabitat,,"ChiefNavigatorAviciHabitatCMD init
FireBest ChiefNavigatorAviciHabitatStage",,,Initializes local dialogue values before dispatching to the persistent habitat stage.
chiefNavigatorAviciHabitatBombed,ChiefNavigatorAviciHabitatStage,ChiefNavigatorAviciHabitatCMD stage bombed,,"The ruined habitat drifts above Kshaya in broken, blackened sections. No lights remain, and your sensors detect no life aboard.",100:chief_navigator_avici_habitat_done:Leave.,Persistent state after the player destroys Kshaya Habitat.
chiefNavigatorAviciHabitatReturned,ChiefNavigatorAviciHabitatStage,ChiefNavigatorAviciHabitatCMD stage abandoned,ChiefNavigatorAviciHabitatCMD mark_empty,"When you come back, the habitat is completely empty. Nothing remains, but you swear on your boarding team's cams you spot the faintest wisps of red-tinged smoke.",100:chief_navigator_avici_habitat_done:Leave.,First return after the player leaves the habitat.
chiefNavigatorAviciHabitatEmpty,ChiefNavigatorAviciHabitatStage,ChiefNavigatorAviciHabitatCMD stage empty,,"When you come back, the habitat is completely empty. Nothing remains, but you swear on your boarding team's cams you spot the faintest wisps of red-tinged smoke.",100:chief_navigator_avici_habitat_done:Leave.,Persistent empty habitat state.
chiefNavigatorAviciHabitatOrbitalResume,ChiefNavigatorAviciHabitatStage,ChiefNavigatorAviciHabitatCMD stage_orbital,FireBest ChiefNavigatorAviciHabitatRescueEnd,,,"Restores the orbital decision after any rescue outcome, including the historical escaped_ambush stage."
chiefNavigatorAviciHabitatMotherResume,ChiefNavigatorAviciHabitatStage,ChiefNavigatorAviciHabitatCMD stage mother_waiting,,Your boarding party is halfway back to the docking concourse. The frightened mother and her young son wait in the shelter of the corridor corner while Yvan watches for your decision.,"10:chief_navigator_avici_habitat_mother_why:""Why won't they let you leave?""
20:chief_navigator_avici_habitat_mother_decide:Decide what to do.",Restores the mother's rescue choice if the interaction is interrupted aboard the habitat.
chiefNavigatorAviciHabitatInhabited,ChiefNavigatorAviciHabitatStage,ChiefNavigatorAviciHabitatCMD stage inhabited,,"A battered habitat circles Kshaya's ash-gray curve.

Its registry describes a self-contained home for over ten thousand people: agricultural decks, workshops, schools, habitation rings, everything necessary to support a small city indefinitely.

Passive scans count fewer than a hundred living human beings.

Most of the structure is dark.

Entire habitation blocks are deep navy blue on your thermals. Several docking arms hang open to vacuum, and the agricultural section shows no meaningful heat signature at all. What little power remains has been rerouted toward a handful of compartments deep inside the station.",100:chief_navigator_avici_habitat_inhabited_continue:Continue.,Opening scan of the inhabited Kshaya Habitat.
chiefNavigatorAviciHabitatInhabited2,DialogOptionSelected,$option == chief_navigator_avici_habitat_inhabited_continue,,"Your fleet pings the habitat.

Once.

Then again.

No response.

The transponder still broadcasts its ancient registry code, repeating the same identification packet it must have been transmitting for generations.

A sensor officer looks up from their console.",0:chief_navigator_auto_page_chief_navigator_avici_habitat_inhabited2_2:Continue.,The player chooses a concealed or heavily armed boarding posture. Auto-paged 1/3.
chiefNavigatorAviciHabitatInhabited2Page2,DialogOptionSelected,$option == chief_navigator_auto_page_chief_navigator_avici_habitat_inhabited2_2,,"""Life support is active in the central habitation ring. No orbital defense emissions detected.""

Another pause.

""No distress beacon either.""

""Ops. Fine-grained sweep.""

""Aye, $chiefNavigatorAviciPlayerTitle.""

A millimeter-wave sweep passes through the habitat. The ops screen sends back fewer than a hundred signatures.",0:chief_navigator_auto_page_chief_navigator_avici_habitat_inhabited2_3:Continue.,Automatic runtime continuation 2/3 for chiefNavigatorAviciHabitatInhabited2.
chiefNavigatorAviciHabitatInhabited2Page3,DialogOptionSelected,$option == chief_navigator_auto_page_chief_navigator_avici_habitat_inhabited2_3,,"Over ten thousand.

Now fewer than a hundred.

""$chiefNavigatorAviciPlayerTitle,"" Ops says. ""How shall we proceed?""","10:chief_navigator_avici_habitat_light:""We don't want hostilities. Concealed weapons and personal armor only.""
20:chief_navigator_avici_habitat_heavy:""...No risks. Full boarding kit.""",Automatic runtime continuation 3/3 for chiefNavigatorAviciHabitatInhabited2.
chiefNavigatorAviciHabitatLight,DialogOptionSelected,$option == chief_navigator_avici_habitat_light,ChiefNavigatorAviciHabitatCMD boarding light,"""Understood.""

The camera changes to a view of your ops team, some of them your personal bodyguards, preparing in the shuttle bay.

Your boarding party trades combat harnesses for clothes loose enough to conceal sidearms and light armor beneath them.

Your boarding shuttle leaves the flagship.

No controller answers your approach, but the habitat accepts the docking request automatically. One of the surviving docking collars opens ahead of you.",0:chief_navigator_auto_page_chief_navigator_avici_habitat_light_2:Continue.,The concealed-weapon approach keeps the cult calm enough for a possible quiet rescue. Auto-paged 1/6.
chiefNavigatorAviciHabitatLightPage2,DialogOptionSelected,$option == chief_navigator_auto_page_chief_navigator_avici_habitat_light_2,,"The shuttle slips inside.

Docking clamps engage with a heavy metallic thud.

""Atmosphere breathable,"" your pilot reports. ""Pressure equalized.""

The hatch opens.

Warm, stale air rolls into the shuttle.

Your team goes aboard.",0:chief_navigator_auto_page_chief_navigator_avici_habitat_light_3:Continue.,Automatic runtime continuation 2/6 for chiefNavigatorAviciHabitatLight.
chiefNavigatorAviciHabitatLightPage3,DialogOptionSelected,$option == chief_navigator_auto_page_chief_navigator_avici_habitat_light_3,,"The concourse beyond was built for hundreds of people at a time. Dead kiosks line the walls beneath faded advertisements and transit maps. Dust covers most of the deck, disturbed by narrow trails of recent footprints.

The deeper your team moves into the habitat, the warmer it becomes.

Then someone steps into the corridor ahead.

Another follows.

Then several more.",0:chief_navigator_auto_page_chief_navigator_avici_habitat_light_4:Continue.,Automatic runtime continuation 3/6 for chiefNavigatorAviciHabitatLight.
chiefNavigatorAviciHabitatLightPage4,DialogOptionSelected,$option == chief_navigator_auto_page_chief_navigator_avici_habitat_light_4,ChiefNavigatorPeopleCMD show sara,"The survivors are thin, their clothes patched together from generations of older clothes. Strips of yellow cloth hang from wrists, necks, and doorways, each marked with the same insignia. It looks like a gaping maw inscribed within a circle.

""Gun,"" Yvan mutters through his mic. ""Gun left. The short one with the limp.""

""Gun right,"" Sara whispers. ""That kid with the veil.""",0:chief_navigator_auto_page_chief_navigator_avici_habitat_light_5:Continue.,Automatic runtime continuation 4/6 for chiefNavigatorAviciHabitatLight.
chiefNavigatorAviciHabitatLightPage5,DialogOptionSelected,$option == chief_navigator_auto_page_chief_navigator_avici_habitat_light_5,ChiefNavigatorPeopleCMD clear,"Through the Ops cams, you can see them squint as the flashlights of your boarding team cross their eyes. Aggressively so; some moan in discomfort at the brightness. Have these people not seen light before?

An elderly man stands at their front.

His eyes move across your boarding party.

""Visitors,"" he says.

The word moves through the crowd in whispers.

Visitors.",0:chief_navigator_auto_page_chief_navigator_avici_habitat_light_6:Continue.,Automatic runtime continuation 5/6 for chiefNavigatorAviciHabitatLight.
chiefNavigatorAviciHabitatLightPage6,DialogOptionSelected,$option == chief_navigator_auto_page_chief_navigator_avici_habitat_light_6,,"Visitors.

The old man smiles.

""Budai provides.""","10:chief_navigator_avici_habitat_survivors:""Yvan. Ask them where the rest of the habitat is.""
20:chief_navigator_avici_habitat_hails:Ask them why they didn't answer our hails.",Automatic runtime continuation 6/6 for chiefNavigatorAviciHabitatLight.
chiefNavigatorAviciHabitatHeavy,DialogOptionSelected,$option == chief_navigator_avici_habitat_heavy,ChiefNavigatorAviciHabitatCMD boarding heavy,"""Understood.""

The camera changes to a view of your ops team, some of them your personal bodyguards, preparing in the shuttle bay.

The bay fills with the hard clicks of weapons being checked and power armor being sealed. Rifles, breaching charges, grenades.

Your boarding shuttle leaves the flagship.

No controller answers your approach, but the habitat accepts the docking request automatically. One of the surviving docking collars opens ahead of you.",0:chief_navigator_auto_page_chief_navigator_avici_habitat_heavy_2:Continue.,The heavy boarding posture raises danger but enables the decisive armed rescue. Auto-paged 1/6.
chiefNavigatorAviciHabitatHeavyPage2,DialogOptionSelected,$option == chief_navigator_auto_page_chief_navigator_avici_habitat_heavy_2,,"The shuttle slips inside.

Docking clamps engage with a heavy metallic thud.

""Atmosphere breathable,"" your pilot reports. ""Pressure equalized.""

The hatch opens.

Warm, stale air rolls into the shuttle.

Your team goes aboard.",0:chief_navigator_auto_page_chief_navigator_avici_habitat_heavy_3:Continue.,Automatic runtime continuation 2/6 for chiefNavigatorAviciHabitatHeavy.
chiefNavigatorAviciHabitatHeavyPage3,DialogOptionSelected,$option == chief_navigator_auto_page_chief_navigator_avici_habitat_heavy_3,,"The concourse beyond was built for hundreds of people at a time. Dead kiosks line the walls beneath faded advertisements and transit maps. Dust covers most of the deck, disturbed by narrow trails of recent footprints.

The deeper your team moves into the habitat, the warmer it becomes.

Then someone steps into the corridor ahead.

Another follows.

Then several more.",0:chief_navigator_auto_page_chief_navigator_avici_habitat_heavy_4:Continue.,Automatic runtime continuation 3/6 for chiefNavigatorAviciHabitatHeavy.
chiefNavigatorAviciHabitatHeavyPage4,DialogOptionSelected,$option == chief_navigator_auto_page_chief_navigator_avici_habitat_heavy_4,ChiefNavigatorPeopleCMD show sara,"The survivors are thin, their clothes patched together from generations of older clothes. Strips of yellow cloth hang from wrists, necks, and doorways, each marked with the same insignia. It looks like a gaping maw inscribed within a circle.

""Gun,"" Yvan mutters through his mic. ""Gun left. The short one with the limp.""

""Gun right,"" Sara whispers. ""That kid with the veil.""",0:chief_navigator_auto_page_chief_navigator_avici_habitat_heavy_5:Continue.,Automatic runtime continuation 4/6 for chiefNavigatorAviciHabitatHeavy.
chiefNavigatorAviciHabitatHeavyPage5,DialogOptionSelected,$option == chief_navigator_auto_page_chief_navigator_avici_habitat_heavy_5,ChiefNavigatorPeopleCMD clear,"Through the Ops cams, you can see them squint as the flashlights of your boarding team cross their eyes. Aggressively so; some moan in discomfort at the brightness. Have these people not seen light before?

An elderly man stands at their front.

His eyes move across your boarding party.

They linger on the rifles, armor, and sealed helmets.

The people behind him draw closer together. Nobody reaches for a weapon.",0:chief_navigator_auto_page_chief_navigator_avici_habitat_heavy_6:Continue.,Automatic runtime continuation 5/6 for chiefNavigatorAviciHabitatHeavy.
chiefNavigatorAviciHabitatHeavyPage6,DialogOptionSelected,$option == chief_navigator_auto_page_chief_navigator_avici_habitat_heavy_6,,"Yet.

""Visitors,"" he says.

The word moves through the crowd in whispers.

Visitors.

Visitors.

The old man smiles.

""Budai provides.""","10:chief_navigator_avici_habitat_survivors:""Yvan. Ask them where the rest of the habitat is.""
20:chief_navigator_avici_habitat_hails:Ask them why they didn't answer our hails.",Automatic runtime continuation 6/6 for chiefNavigatorAviciHabitatHeavy.
chiefNavigatorAviciHabitatHails,DialogOptionSelected,$option == chief_navigator_avici_habitat_hails,,"Yvan repeats your query, word for word.

""We heard you.""

The old man's smile remains.

""We were simply preparing our humble home for our guests.""

Someone behind him laughs softly.

Yvan looks over the crowd.

""We counted fewer than a hundred people aboard. This habitat was built for over ten thousand.""",0:chief_navigator_auto_page_chief_navigator_avici_habitat_hails_2:Continue.,The cult admits that it heard the fleet before receiving the boarding party. Auto-paged 1/4.
chiefNavigatorAviciHabitatHailsPage2,DialogOptionSelected,$option == chief_navigator_auto_page_chief_navigator_avici_habitat_hails_2,,"The old man nods.

""Eighty-seven.""

""And the rest?""

The old man doesn't answer. Instead, he gestures toward the corridor behind him.

""Come. You have traveled far. You should join us.""

They receive your team in what was once a communal dining hall.",0:chief_navigator_auto_page_chief_navigator_avici_habitat_hails_3:Continue.,Automatic runtime continuation 2/4 for chiefNavigatorAviciHabitatHails.
chiefNavigatorAviciHabitatHailsPage3,DialogOptionSelected,$option == chief_navigator_auto_page_chief_navigator_avici_habitat_hails_3,,"Most of the tables have been dismantled for parts. The survivors gather around the few that remain beneath painted images of the same smiling maw. At the center, a small fire burns.

Metal bowls are placed before the boarding party.

Rice.

Root vegetables.

Strips of heavily seasoned meat.

The old man takes his seat across from your team.",0:chief_navigator_auto_page_chief_navigator_avici_habitat_hails_4:Continue.,Automatic runtime continuation 3/4 for chiefNavigatorAviciHabitatHails.
chiefNavigatorAviciHabitatHailsPage4,DialogOptionSelected,$option == chief_navigator_auto_page_chief_navigator_avici_habitat_hails_4,,"""Please.""","10:chief_navigator_avici_habitat_food_eat:""Don't piss them off. Take the food.""
20:chief_navigator_avici_habitat_food_decline:""Don't eat it.""",Automatic runtime continuation 4/4 for chiefNavigatorAviciHabitatHails.
chiefNavigatorAviciHabitatSurvivors,DialogOptionSelected,$option == chief_navigator_avici_habitat_survivors,,"Yvan looks over the crowd.

""We counted fewer than a hundred people aboard. This habitat was built for over ten thousand.""

The old man nods.

""Eighty-seven.""

""And the rest?""

The old man doesn't answer. Instead, he gestures toward the corridor behind him.

""Come. You have traveled far. You should join us.""",0:chief_navigator_auto_page_chief_navigator_avici_habitat_survivors_2:Continue.,The boarding party asks how only eighty-seven inhabitants remain. Auto-paged 1/3.
chiefNavigatorAviciHabitatSurvivorsPage2,DialogOptionSelected,$option == chief_navigator_auto_page_chief_navigator_avici_habitat_survivors_2,,"They receive your team in what was once a communal dining hall.

Most of the tables have been dismantled for parts. The survivors gather around the few that remain beneath painted images of the same smiling maw. At the center, a small fire burns.

Metal bowls are placed before the boarding party.

Rice.

Root vegetables.

Strips of heavily seasoned meat.",0:chief_navigator_auto_page_chief_navigator_avici_habitat_survivors_3:Continue.,Automatic runtime continuation 2/3 for chiefNavigatorAviciHabitatSurvivors.
chiefNavigatorAviciHabitatSurvivorsPage3,DialogOptionSelected,$option == chief_navigator_auto_page_chief_navigator_avici_habitat_survivors_3,,"The old man takes his seat across from your team.

""Please.""","10:chief_navigator_avici_habitat_food_eat:""Don't piss them off. Take the food.""
20:chief_navigator_avici_habitat_food_decline:""Don't eat it.""",Automatic runtime continuation 3/3 for chiefNavigatorAviciHabitatSurvivors.
chiefNavigatorAviciHabitatFoodEat,DialogOptionSelected,$option == chief_navigator_avici_habitat_food_eat,"ChiefNavigatorPeopleCMD show sara
ChiefNavigatorAviciHabitatCMD eat_food","Some of your team take a few bites.

Across the table, Sara frowns.

She picks up one of the remaining pieces and passes a small bioscanner over it.

The device chirps.

Sara freezes.

""Sergeant,"" she whispers. You can hear her voice tremble with anger.

Before anyone can stop her, Sara pulls out her gun and shoves it in the old man's face. ""It's human protein, these bastards.""

The leader doesn't flinch.

""We don't fear death.""",100:chief_navigator_avici_habitat_truth_2:Continue.,Eating the food exposes the cannibalism and increases the danger level.
chiefNavigatorAviciHabitatFoodDecline,DialogOptionSelected,$option == chief_navigator_avici_habitat_food_decline,,"The old man inclines his head.

""As you wish.""

He eats from his own bowl.

Around him, the others begin doing the same.","100:chief_navigator_avici_habitat_truth:""What happened to everyone who lived here?""",Declining the meal preserves the possibility of a quiet rescue.
chiefNavigatorAviciHabitatTruth,DialogOptionSelected,$option == chief_navigator_avici_habitat_truth,,"The old man looks toward the faded image of Budai above the hall.

""The agricultural decks failed before my grandfather's grandfather was born. Then the reserves failed. Then the machines that made the reserves last.""

His spoon rests against the bowl.

""Budai taught us that nothing given to the congregation should be wasted.""

""When one of us dies, they remain with us.""","10:chief_navigator_avici_habitat_cannibal:""You eat your dead.""
20:chief_navigator_avici_habitat_evacuation:""We can evacuate you. All of you.""",The cult leader explains the failure of the habitat and its cannibal practice.
chiefNavigatorAviciHabitatTruth2,DialogOptionSelected,$option == chief_navigator_avici_habitat_truth_2,ChiefNavigatorPeopleCMD show sara,"The old man looks toward the faded image of Budai above the hall.

""The agricultural decks failed before my grandfather's grandfather was born. Then the reserves failed. Then the machines that made the reserves last.""

His spoon rests against the bowl.

""Budai taught us that nothing given to the congregation should be wasted.""

""I'll teach you all about being wasted,"" Sara breathes.

Usually by now she'd be admonished by Wei or Yvan.

Not this time.

All of your team is thumbing their weapons now.","100:chief_navigator_avici_habitat_mother_contact_0:""Team. Get the hell out. Now.""",The armed confrontation follows the discovery of human protein.
chiefNavigatorAviciHabitatCannibal,DialogOptionSelected,$option == chief_navigator_avici_habitat_cannibal,,"""Yes.""

No shame.

""Those who came before sustain those who remain.""

The old man folds his hands.

""One body. One congregation.""

""We have food. Medicine. Ships,"" Yvan offers. ""We can take every living person aboard this station.""

For the first time, unease moves through the room.

The old man raises one hand.

The murmuring stops.

""No.""","10:chief_navigator_avici_habitat_refusal_dying:""Your habitat is dying.""
20:chief_navigator_avici_habitat_refusal_count:""There are eighty-seven of you left.""
30:chief_navigator_avici_habitat_refusal_why:""Why?""",The cult confirms that it consumes its dead before Yvan offers evacuation.
chiefNavigatorAviciHabitatEvacuation,DialogOptionSelected,$option == chief_navigator_avici_habitat_evacuation,,"""We have food. Medicine. Ships,"" Yvan offers. ""We can take every living person aboard this station.""

For the first time, unease moves through the room.

The old man raises one hand.

The murmuring stops.

""No.""","10:chief_navigator_avici_habitat_refusal_dying:""Your habitat is dying.""
20:chief_navigator_avici_habitat_refusal_count:""There are eighty-seven of you left.""
30:chief_navigator_avici_habitat_refusal_why:""Why?""",Yvan offers to evacuate all remaining inhabitants.
chiefNavigatorAviciHabitatRefusalDyingAlias,DialogOptionSelected,$option == chief_navigator_avici_habitat_refusal_dying,FireBest ChiefNavigatorAviciHabitatRefusal,,,Routes a converging refusal choice through its own alias rule.
chiefNavigatorAviciHabitatRefusalCountAlias,DialogOptionSelected,$option == chief_navigator_avici_habitat_refusal_count,FireBest ChiefNavigatorAviciHabitatRefusal,,,Routes a converging refusal choice through its own alias rule.
chiefNavigatorAviciHabitatRefusalWhyAlias,DialogOptionSelected,$option == chief_navigator_avici_habitat_refusal_why,FireBest ChiefNavigatorAviciHabitatRefusal,,,Routes a converging refusal choice through its own alias rule.
chiefNavigatorAviciHabitatRefusalDanger,ChiefNavigatorAviciHabitatRefusal,ChiefNavigatorAviciHabitatCMD danger_positive,ChiefNavigatorAviciHabitatCMD meet_mother,"""Budai has kept us alive.""

The old man looks toward the smiling figure on the wall.

""He will decide when we are permitted to leave.""

There is nothing uncertain in his voice. The conversation is over.

Your team prepares to return to the shuttle.

Your team is halfway back to the docking concourse when a woman catches Yvan's sleeve.",0:chief_navigator_auto_page_chief_navigator_avici_habitat_refusal_danger_2:Continue.,The cult refuses evacuation after the boarding party has raised suspicion. Auto-paged 1/3.
chiefNavigatorAviciHabitatRefusalDangerPage2,DialogOptionSelected,$option == chief_navigator_auto_page_chief_navigator_avici_habitat_refusal_danger_2,,"Thin. Younger than most of the survivors.

A boy of perhaps four or five stands behind her, clutching the back of her robes.

""Please.""

She looks over her shoulder before continuing.

""Take us with you.""

""$chiefNavigatorAviciPlayerTitle?"" Yvan thumbs his mic, watching the corridor behind her. ""What's the call?""",0:chief_navigator_auto_page_chief_navigator_avici_habitat_refusal_danger_3:Continue.,Automatic runtime continuation 2/3 for chiefNavigatorAviciHabitatRefusalDanger.
chiefNavigatorAviciHabitatRefusalDangerPage3,DialogOptionSelected,$option == chief_navigator_auto_page_chief_navigator_avici_habitat_refusal_danger_3,,"Farther down the corridor, several cultists are already watching your party. The mother is not in view, hidden by the corner.

They have been watching since the moment your team left the dining hall.","10:chief_navigator_avici_habitat_mother_why:""Why won't they let you leave?""
20:chief_navigator_avici_habitat_mother_decide:Decide what to do.",Automatic runtime continuation 3/3 for chiefNavigatorAviciHabitatRefusalDanger.
chiefNavigatorAviciHabitatRefusalSafe,ChiefNavigatorAviciHabitatRefusal,ChiefNavigatorAviciHabitatCMD danger_zero,ChiefNavigatorAviciHabitatCMD meet_mother,"""Budai has kept us alive.""

The old man looks toward the smiling figure on the wall.

""He will decide when we are permitted to leave.""

There is nothing uncertain in his voice. The conversation is over.

Your team prepares to return to the shuttle.

Your team is halfway back to the docking concourse when a woman catches Yvan's sleeve.",0:chief_navigator_auto_page_chief_navigator_avici_habitat_refusal_safe_2:Continue.,The cult refuses evacuation while the mother's request remains unnoticed. Auto-paged 1/2.
chiefNavigatorAviciHabitatRefusalSafePage2,DialogOptionSelected,$option == chief_navigator_auto_page_chief_navigator_avici_habitat_refusal_safe_2,,"Thin. Younger than most of the survivors.

A boy of perhaps four or five stands behind her, clutching the back of her robes.

""Please.""

She looks over her shoulder before continuing.

""Take us with you.""

""$chiefNavigatorAviciPlayerTitle?"" Yvan thumbs his mic, watching the corridor behind her. ""What's the call?""","10:chief_navigator_avici_habitat_mother_why:""Why won't they let you leave?""
20:chief_navigator_avici_habitat_mother_decide:Decide what to do.",Automatic runtime continuation 2/2 for chiefNavigatorAviciHabitatRefusalSafe.
chiefNavigatorAviciHabitatMotherContact0,DialogOptionSelected,$option == chief_navigator_avici_habitat_mother_contact_0,"ChiefNavigatorPeopleCMD clear
ChiefNavigatorAviciHabitatCMD meet_mother","Slowly, carefully, your team begins extracting from the mess hall, guns raised and trained on every one of the cannibals.

Your team is halfway back to the docking concourse when a woman catches Yvan's sleeve.

Thin. Younger than most of the survivors.

A boy of perhaps four or five stands behind her, clutching the back of her robes.

""Please.""

She looks over her shoulder before continuing.",0:chief_navigator_auto_page_chief_navigator_avici_habitat_mother_contact0_2:Continue.,The openly armed team encounters the mother while withdrawing from the meal. Auto-paged 1/2.
chiefNavigatorAviciHabitatMotherContact0Page2,DialogOptionSelected,$option == chief_navigator_auto_page_chief_navigator_avici_habitat_mother_contact0_2,,"""Take us with you.""

""$chiefNavigatorAviciPlayerTitle?"" Yvan thumbs his mic, watching the corridor behind her. ""What's the call?""

Farther down the corridor, several cultists are already watching your party. The mother is not in view, hidden by the corner.

They have been watching since the moment your team left the dining hall.","10:chief_navigator_avici_habitat_mother_why:""Why won't they let you leave?""
20:chief_navigator_avici_habitat_mother_decide:Decide what to do.",Automatic runtime continuation 2/2 for chiefNavigatorAviciHabitatMotherContact0.
chiefNavigatorAviciHabitatMotherWhy,DialogOptionSelected,$option == chief_navigator_avici_habitat_mother_why,FireAll ChiefNavigatorAviciHabitatRescueOptions,"""Because we belong to the congregation.""

She looks toward her son.

""Alive.""

A pause.

""And afterward.""

The boy presses closer to her.

""Please.""

The mother's pleading gets more and more desperate.

""We were going to be next.""",,The mother explains that the cult intends to consume her and her son.
chiefNavigatorAviciHabitatMotherDecide,DialogOptionSelected,$option == chief_navigator_avici_habitat_mother_decide,FireAll ChiefNavigatorAviciHabitatRescueOptions,,,Opens the conditional rescue choice menu.
chiefNavigatorAviciHabitatRescueSneakOption,ChiefNavigatorAviciHabitatRescueOptions,ChiefNavigatorAviciHabitatCMD rescue_option sneak,SetOptionColor chief_navigator_avici_habitat_rescue_sneak highlight,,10:chief_navigator_avici_habitat_rescue_sneak:It doesn't look like you're being followed. Quietly get the mother and her son to the shuttle.,Gold quiet-rescue option available only at zero danger.
chiefNavigatorAviciHabitatRescueHeavyOption,ChiefNavigatorAviciHabitatRescueOptions,ChiefNavigatorAviciHabitatCMD rescue_option heavy,SetOptionColor chief_navigator_avici_habitat_rescue_heavy highlight,,20:chief_navigator_avici_habitat_rescue_heavy:Go guns blazing. Get them out.,Gold armed-rescue option available after taking full boarding gear.
chiefNavigatorAviciHabitatRescueLightOption,ChiefNavigatorAviciHabitatRescueOptions,ChiefNavigatorAviciHabitatCMD rescue_option light,,,"30:chief_navigator_avici_habitat_rescue_light:""They're coming with us.""",Risky light-weapon rescue available when the cult is already suspicious.
chiefNavigatorAviciHabitatRescueLeaveOption,ChiefNavigatorAviciHabitatRescueOptions,,,,"100:chief_navigator_avici_habitat_rescue_leave:""Tell them we'll come back for them.""",The player may leave the mother and child behind.
chiefNavigatorAviciHabitatRescueSneak,DialogOptionSelected,$option == chief_navigator_avici_habitat_rescue_sneak,"ChiefNavigatorPeopleCMD show sara
ChiefNavigatorAviciHabitatCMD rescue sneak","Nobody is watching your party closely enough.

Not yet.

You send the boarding team ahead in small groups while Sara takes the woman and her son through a maintenance passage running parallel to the main concourse.

For several minutes, nothing happens.

Then your comm clicks.

""Shuttle secure,"" Sara whispers. ""Both aboard.""

Your team makes its way through the abandoned station.

By the time anyone realizes the habitat has two fewer inhabitants, the docking clamps have already released.

Kshaya falls away beneath the shuttle.

The woman holds her son against her chest as the shuttle returns to your fleet.",100:chief_navigator_avici_habitat_sneak_end:Continue.,"A zero-danger boarding posture permits a clean, quiet rescue."
chiefNavigatorAviciHabitatRescueHeavy,DialogOptionSelected,$option == chief_navigator_avici_habitat_rescue_heavy,ChiefNavigatorAviciHabitatCMD rescue heavy,"You watch through Yvan's helmet cam as he looks toward the cultists gathering farther down the corridor.

Then toward your boarding team.

You came prepared for this.","100:chief_navigator_avici_habitat_rescue_heavy_2:""Red team."" Your Ops calls through his mic. ""Weapons hot.""",The fully equipped boarding party prepares to extract the mother and child by force.
chiefNavigatorAviciHabitatRescueHeavy2,DialogOptionSelected,$option == chief_navigator_avici_habitat_rescue_heavy_2,ChiefNavigatorPeopleCMD show sara,"""Gladly, Tac-com,"" Yvan breathes.

Your team moves as one.

Power armor seals. Rifles rise. The corridor erupts in gunfire. You watch as Sara wraps the mother in an embrace and starts running her and the boy toward the shuttle.

The cultists have numbers.

Your team has power armor, grenades, and two hundred years' worth of small-arms advancement over the cultists' antiquated weapons.

The violence is brief.

By the time the last shell casings stop clinking, over a dozen cultists are left moaning or choking on the ground. Most aren't moving at all.

""Red team, move!"" your Ops snaps.

Your team withdraws toward the shuttle through smoke and emergency lighting.

No one follows.",100:chief_navigator_avici_habitat_heavy_end:Continue.,"The heavy boarding party wins a brief, one-sided firefight."
chiefNavigatorAviciHabitatRescueLight,DialogOptionSelected,$option == chief_navigator_avici_habitat_rescue_light,"ChiefNavigatorPeopleCMD show sara
ChiefNavigatorAviciHabitatCMD rescue light","The woman grabs her son.

The cultists move almost immediately.

So does your security detail.

Concealed sidearms clear clothing. Someone fires from farther down the corridor, and suddenly the narrow passage is nothing but bodies, shouting, and muzzle flashes.

Sara shoves the boy behind an access column.

A shot catches her beneath the arm.

She staggers.",0:chief_navigator_auto_page_chief_navigator_avici_habitat_rescue_light_2:Continue.,The lightly equipped team rescues the family at the cost of Sara's life. Auto-paged 1/3.
chiefNavigatorAviciHabitatRescueLightPage2,DialogOptionSelected,$option == chief_navigator_auto_page_chief_navigator_avici_habitat_rescue_light_2,,"Another hits her before Wei can pull her back.

""Sara!"" He yells, but she goes down.

There is no time to stop.

Your team fights its way toward the docking concourse, dragging Sara, the mother, and her son with them.

Yvan is the last aboard.

The shuttle hatch slams shut. Only when the clamps release does anyone look toward Sara's seat.

It is empty.",0:chief_navigator_auto_page_chief_navigator_avici_habitat_rescue_light_3:Continue.,Automatic runtime continuation 2/3 for chiefNavigatorAviciHabitatRescueLight.
chiefNavigatorAviciHabitatRescueLightPage3,DialogOptionSelected,$option == chief_navigator_auto_page_chief_navigator_avici_habitat_rescue_light_3,ChiefNavigatorPeopleCMD clear,"She lies motionless on the shuttle deck instead.

Nobody speaks on the flight back.

The mother holds her son.

Wei stares at the deck.

Yvan still has Sara's blood across one sleeve.

Kshaya's habitat shrinks behind the shuttle.

You got them out.

At the cost of Sara.",100:chief_navigator_avici_habitat_light_end:Continue.,Automatic runtime continuation 3/3 for chiefNavigatorAviciHabitatRescueLight.
chiefNavigatorAviciHabitatRescueLeave,DialogOptionSelected,$option == chief_navigator_avici_habitat_rescue_leave,"ChiefNavigatorPeopleCMD show sara
ChiefNavigatorAviciHabitatCMD rescue leave","""No.""

Yvan shakes his head.

Over comms you can see Sara yelling up a storm into her mic, but Ops silences her before she can start.

The mother's face empties.

For a moment, she says nothing.

Then she releases Yvan's sleeve.

Your boarding party continues toward the shuttle.

Through Yvan's helmet cam, you watch the woman and her son remain standing in the corridor.

The cultists close around them.",100:chief_navigator_avici_habitat_leave_end:Continue.,The boarding party leaves the mother and child with the cult.
chiefNavigatorAviciHabitatRescueEndSneakAlias,DialogOptionSelected,$option == chief_navigator_avici_habitat_sneak_end,FireBest ChiefNavigatorAviciHabitatRescueEnd,,,Routes one rescue outcome to the shared orbital decision.
chiefNavigatorAviciHabitatRescueEndHeavyAlias,DialogOptionSelected,$option == chief_navigator_avici_habitat_heavy_end,FireBest ChiefNavigatorAviciHabitatRescueEnd,,,Routes one rescue outcome to the shared orbital decision.
chiefNavigatorAviciHabitatRescueEndLightAlias,DialogOptionSelected,$option == chief_navigator_avici_habitat_light_end,FireBest ChiefNavigatorAviciHabitatRescueEnd,,,Routes one rescue outcome to the shared orbital decision.
chiefNavigatorAviciHabitatRescueEndLeaveAlias,DialogOptionSelected,$option == chief_navigator_avici_habitat_leave_end,FireBest ChiefNavigatorAviciHabitatRescueEnd,,,Routes one rescue outcome to the shared orbital decision.
chiefNavigatorAviciHabitatRescueEndFight,ChiefNavigatorAviciHabitatRescueEnd,ChiefNavigatorAviciHabitatCMD ending fight,ChiefNavigatorPeopleCMD clear,"The shuttle clears the habitat and returns to your fleet.

On the tactical display, the old station continues its silent orbit around Kshaya.

Eighty-seven lives.

Fewer now.

Ops looks toward you.

""What do we do with the habitat, $chiefNavigatorAviciPlayerTitle?""","10:chief_navigator_avici_habitat_satbomb:""Saturation bombardment. Burn that fucking place down.""
100:chief_navigator_avici_habitat_leave:""Leave it.""",Orbital decision after a violent rescue.
chiefNavigatorAviciHabitatRescueEndSaved,ChiefNavigatorAviciHabitatRescueEnd,ChiefNavigatorAviciHabitatCMD ending rescued,ChiefNavigatorPeopleCMD clear,"The shuttle clears the habitat and returns to your fleet.

On the tactical display, the old station continues its silent orbit around Kshaya.

Eighty-seven lives.

Now eighty-five.

Ops looks toward you.

""What do we do with the habitat, $chiefNavigatorAviciPlayerTitle?""","10:chief_navigator_avici_habitat_satbomb:""Saturation bombardment. Burn that fucking place down.""
100:chief_navigator_avici_habitat_leave:""Leave it.""",Orbital decision after the quiet rescue.
chiefNavigatorAviciHabitatRescueEndLeft,ChiefNavigatorAviciHabitatRescueEnd,ChiefNavigatorAviciHabitatCMD ending left,ChiefNavigatorPeopleCMD clear,"The shuttle clears the habitat and returns to your fleet.

On the tactical display, the old station continues its silent orbit around Kshaya.

Eighty-seven lives.

Ops looks toward you.

""What do we do with the habitat, $chiefNavigatorAviciPlayerTitle?""","10:chief_navigator_avici_habitat_satbomb:""Saturation bombardment. Burn that fucking place down.""
100:chief_navigator_avici_habitat_leave:""Leave it.""",Orbital decision after leaving the family behind.
chiefNavigatorAviciHabitatSatbomb,DialogOptionSelected,$option == chief_navigator_avici_habitat_satbomb,ChiefNavigatorAviciHabitatCMD bombard,"""Understood.""

Your fleet turns toward the habitat.

Targeting solutions spread across the tactical display.

For a few seconds, the battered station continues its orbit as it has for generations. Then your fleet opens its fuel compartments.

Antimatter fuel canisters fall, proximity charges blinking on them. Compartments rupture one after another, atmosphere venting in great white plumes before ignition turns them orange.

The central ring breaks.

The surviving lights disappear.

When the bombardment ends, what remains of the habitat is a burning wreck drifting above Kshaya.

No life signs remain.",100:chief_navigator_avici_habitat_done:Leave.,The player destroys Kshaya Habitat with antimatter fuel canisters.
chiefNavigatorAviciHabitatLeave,DialogOptionSelected,$option == chief_navigator_avici_habitat_leave,ChiefNavigatorAviciHabitatCMD withdraw,"Your fleet turns away.

Kshaya's habitat dwindles behind you until its few remaining lights disappear among the stars.

Whatever happens there now is no longer your decision.",100:chief_navigator_avici_habitat_done:Leave.,Leaving the habitat causes it to be empty on the next visit.
chiefNavigatorAviciHabitatDone,DialogOptionSelected,$option == chief_navigator_avici_habitat_done,DismissDialog,,,Leaves the Kshaya Habitat interaction.

chiefNavigatorTroyAnchorageInactive,ChiefNavigatorTroyAnchorage_inactive,,,"The cooperative expedition anchorage holds its docking arms open. Its automated stores are operational, but no expedition route has been authorized.","0:chief_navigator_troy_storage:Access ship and cargo storage.
100:chief_navigator_troy_leave:Leave.",Waypoint Troy anchorage before Sinni joins the fleet.
chiefNavigatorTroyAnchorageMain,ChiefNavigatorTroyAnchorage_main,,,"The cooperative expedition anchorage holds its docking arms open. Its automated stores can retain ships and cargo until your return.

Sinni's route can carry no more than $chiefNavigatorTroyDPLimit deployment points of ships. Storage is free; anything left here will remain available when you return.

Expedition fleet: $chiefNavigatorTroyDP / $chiefNavigatorTroyDPLimit deployment points.","0:chief_navigator_troy_storage:Access ship and cargo storage.
10:chief_navigator_troy_advice:Ask Sinni for advice about preparing the expedition.
20:chief_navigator_troy_depart:Authorize Sinni to open the route.
100:chief_navigator_troy_leave:Leave.",Waypoint Troy preparation hub and DP readout.
chiefNavigatorTroyAnchorageRouteOpen,ChiefNavigatorTroyAnchorage_route_open,,,"The cooperative expedition anchorage holds its docking arms open. Its automated stores can retain ships and cargo until your return.

The Troy Terminus is active beside the anchorage. Sinni's route will accept no more than $chiefNavigatorTroyDPLimit deployment points in either direction.

Expedition fleet: $chiefNavigatorTroyDP / $chiefNavigatorTroyDPLimit deployment points.","0:chief_navigator_troy_storage:Access ship and cargo storage.
10:chief_navigator_troy_advice:Ask Sinni for advice about preparing the expedition.
100:chief_navigator_troy_leave:Leave.",Waypoint Troy hub after the route opens.
chiefNavigatorTroyAnchorageAdvice,ChiefNavigatorTroyAnchorage_advice,,ChiefNavigatorPeopleCMD show sinni,"Sinni studies the expedition manifest.

""Use Efficiency Overhaul wherever it fits. Insulated Engine Assembly and other hullmods that reduce your sensor profile will make the crossing less dangerous. Bring at least one dedicated supply ship and one fuel ship. If either runs dry out there, no one is coming to refill it.""","0:chief_navigator_troy_back:Back.
100:chief_navigator_troy_leave:Leave.",Sinni's expedition preparation advice at Waypoint Troy.
chiefNavigatorTroyAnchorageInvalid,ChiefNavigatorTroyAnchorage_invalid,,,"The departure lock refuses the fleet manifest. Store ships until the active fleet is worth no more than 50 deployment points.",0:chief_navigator_troy_back:Back.,Runtime safeguard for an invalid departure fleet.
chiefNavigatorTroyAnchorageOpened,ChiefNavigatorTroyAnchorage_opened,,,"Space folds open beside the anchorage. The Troy Terminus is active, and Sinni lays in the short approach.",100:chief_navigator_troy_done:Continue.,Route-opening acknowledgement.
chiefNavigatorTroyTerminusMain,ChiefNavigatorTroyTerminus_main,,,"The Troy Terminus hangs open where Sinni's calculations predicted: a rotating wound in space with a cold nebular glow beyond it.

The passage accepts no more than $chiefNavigatorTroyDPLimit deployment points in either direction.

Active fleet: $chiefNavigatorTroyDP / $chiefNavigatorTroyDPLimit deployment points.","0:chief_navigator_troy_enter:Enter the Troy Terminus.
100:chief_navigator_troy_terminus_leave:Leave.",Troy Terminus outbound interaction.
chiefNavigatorTroyTerminusInvalid,ChiefNavigatorTroyTerminus_invalid,,,"The wormhole shears away from the fleet's drive field. The active fleet must remain at or below 50 deployment points.",0:chief_navigator_troy_terminus_back:Back.,Runtime safeguard for an invalid Troy transit.
chiefNavigatorTroyTerminusTransit,ChiefNavigatorTroyTerminus_transit,,,"Sinni guides your fleet through a treacherous series of slipstreams and gravity boosts. After expending half your supplies and fuel, your fleet arrives at the Orion Knot Sector.

Sinni flags FOB Ithaca in Ashen Verge on the expedition map.",100:chief_navigator_troy_transit:Continue.,Black-screen Troy transit narration and FOB Ithaca objective reveal.
chiefNavigatorSinniRemoteContact,ChiefNavigatorSinniRemoteContact,,"ChiefNavigatorSinniContactCMD init
FireAll ChiefNavigatorSinniRemoteContactText",,,Prepares Sinni's live guidance variables before rendering the contact briefing.
chiefNavigatorSinniRemoteContactText,ChiefNavigatorSinniRemoteContactText,,"SetTextHighlightColors hColor
SetTextHighlights ""$chiefNavigatorSinniDestination""
SetShortcut chief_navigator_sinni_contact_leave ESCAPE","Sinni answers from the navigation station. A clean tactical plot replaces the distorted Orion Knot sector map.

""Next destination: $chiefNavigatorSinniDestination.""

$chiefNavigatorSinniObjective

$chiefNavigatorSinniRoute","100:chief_navigator_sinni_contact_leave:End the call.",Sinni's callable Contacts-menu navigation briefing.
chiefNavigatorSinniRemoteContactLeave,DialogOptionSelected,$option == chief_navigator_sinni_contact_leave,DismissDialog,,,Closes Sinni's remote navigation briefing.
chiefNavigatorSinniOrionKnotMap,ChiefNavigatorSinniOrionKnotMap,,ChiefNavigatorSinniMapCMD show,,,Opens Sinni's full-size Orion Knot chart from her Contacts or story Intel entry.

chiefNavigatorSinniAviciEnter,ChiefNavigatorSinniVignette_sinni_avici,,,"When your fleet exits the jump point there is nothing.

You feel the same suffocating pressure of abyssal hyperspace.

You see no evil. Hear no evil.

Speak--",0:sinni_avici_view:""What is this...?".",One-time Avici arrival scene.
chiefNavigatorSinniAviciView,ChiefNavigatorSinniVignette_sinni_avici_view,,,"An impossible sight unfolds before you.

A sudden chill runs down your spine.",0:sinni_avici_stop:""Nav! Hold position! Send out an emergency report to the entire fleet!".",One-time Avici arrival scene.
chiefNavigatorSinniAviciStop,ChiefNavigatorSinniVignette_sinni_avici_stop,,,"""Aye! Holding position!""

You hear Sinni echo the order, and acknowledgement signals flicker across her screen.","0:sinni_avici_answers:""Sinni. I need answers.""
10:sinni_avici_failed_jump:""Nav. Did... did we fail the jump?""",One-time Avici arrival scene.
chiefNavigatorSinniAviciAnswers,ChiefNavigatorSinniVignette_sinni_avici_answers,,FireAll ChiefNavigatorSinniVignette_sinni_avici_view_3,,,Routes an Avici response to the common view.
chiefNavigatorSinniAviciFailedJump,ChiefNavigatorSinniVignette_sinni_avici_failed_jump,,FireAll ChiefNavigatorSinniVignette_sinni_avici_view_3,,,Routes an Avici response to the common view.
chiefNavigatorSinniAviciView3,ChiefNavigatorSinniVignette_sinni_avici_view_3,,,"Sinni opens her mouth.

But no words come out.

The system is a nightmare.

Great pillars of twisted space spill out of several jump points, warping the light around them. Within each distortion is a core of pitch-black abyssal hyperspace.

You soon realize-- your own fleet is caught in one of those pillars, exerting the same immense pressure upon your drive bubble, but somehow, impossibly-- within real space.

The distortion pillars curl around one another before converging into vast pools of abyssal hyperspace that swallow the stars behind them whole.

Somehow, the supermassive black hole in the middle looks almost innocuous by comparison.",0:sinni_avici_view_4:""Sinni? Sinni!".",One-time Avici arrival scene.
chiefNavigatorSinniAviciView4,ChiefNavigatorSinniVignette_sinni_avici_view_4,,,"""Ah-- Aye, $chiefNavigatorSinniPlayerTitle.""",0:sinni_avici_view_5:""Nav. Is it safe to travel outside of this... in-system hyperspace?".",One-time Avici arrival scene.
chiefNavigatorSinniAviciView5,ChiefNavigatorSinniVignette_sinni_avici_view_5,,,"""I... don't think so,"" Sinni replies.

She puts a gloved hand over her mouth, staring at the boundary of the black distortion around your fleet.

""This should be impossible.""

Her hands return to the console.

""Hyperspace does not 'spill' into real space. You cannot have a... pool of it sitting inside a star system.""

She magnifies the edge of the distortion. Her eyes grow wider and wider as she looks over the readings on her console.

""You can't... that's not how that... works.""

Sinni goes quiet.",0:sinni_avici_view_6:""What happens if we cross that boundary?".",One-time Avici arrival scene.
chiefNavigatorSinniAviciView6,ChiefNavigatorSinniVignette_sinni_avici_view_6,,,"""I... don't know.""

Sinni traces the boundary with one finger.

""A jump point mediates the transition between geometries. Whatever this is...""

She hesitates.

You look toward the black edge surrounding the fleet.",0:sinni_avici_view_7:""Could it tear us apart?".",One-time Avici arrival scene.
chiefNavigatorSinniAviciView7,ChiefNavigatorSinniVignette_sinni_avici_view_7,,,"Sinni does not answer immediately. She types rapidly on the console in front of her.

A figure appears.

Sinni doesn't seem to like it.

""Possibly.""

A few people on the bridge stop what they are doing.

""Or nothing happens. Or we transition normally. Or half the ship crosses and the other half...""

She stops.

""Don't move the fleet.""

Sinni stares at the boundary for several seconds. Then her eyes sharpen.

""We test it.""",0:sinni_avici_view_8:""How?".",One-time Avici arrival scene.
chiefNavigatorSinniAviciView8,ChiefNavigatorSinniVignette_sinni_avici_view_8,,,"""Dummy munition.""

Sinni turns toward weapons.

""Something with telemetry.""

Your weapons officer looks toward you.

You nod.

A few moments later, a training missile appears on the tactical display.",0:chief_navigator_auto_page_chief_navigator_sinni_avici_view8_2:Continue.,One-time Avici arrival scene. Auto-paged 1/4.
chiefNavigatorSinniAviciView8Page2,ChiefNavigatorSinniVignette_chief_navigator_auto_page_chief_navigator_sinni_avici_view8_2,,,"Sinni plots a straight course through the edge of the abyssal distortion and into the clear space beyond.

""Low velocity.""

""Fire in the hole,"" your weapons officer calls out. ""Fire in the hole! Fire in the hole!""

""Five,""

""Four,""

""Three,""",0:chief_navigator_auto_page_chief_navigator_sinni_avici_view8_3:Continue.,Automatic runtime continuation 2/4 for chiefNavigatorSinniAviciView8.
chiefNavigatorSinniAviciView8Page3,ChiefNavigatorSinniVignette_chief_navigator_auto_page_chief_navigator_sinni_avici_view8_3,,,"""Two,""

""One.""

The munition launches. It labors through the crushing pressure of the abyssal hyperspace around it.

Everyone watches.

It crosses the boundary.

Nothing happens.",0:chief_navigator_auto_page_chief_navigator_sinni_avici_view8_4:Continue.,Automatic runtime continuation 3/4 for chiefNavigatorSinniAviciView8.
chiefNavigatorSinniAviciView8Page4,ChiefNavigatorSinniVignette_chief_navigator_auto_page_chief_navigator_sinni_avici_view8_4,,,"The missile continues on its course, telemetry streaming back without interruption. Until the object disappears into the distance.

For several seconds, nobody says anything.

Then everyone on the bridge turns toward you.

Sinni too.","0:sinni_avici_full_speed:""Full speed ahead.""
10:sinni_avici_slow:""All ships, advance slowly. Keep telemetry on.""
20:sinni_avici_valley:""Even though I walk through the darkest valley, I will fear no evil. We advance.""",Automatic runtime continuation 4/4 for chiefNavigatorSinniAviciView8.
chiefNavigatorSinniAviciFullSpeed,ChiefNavigatorSinniVignette_sinni_avici_full_speed,,FireAll ChiefNavigatorSinniVignette_sinni_avici_end,,,Routes an Avici command response to the common ending.
chiefNavigatorSinniAviciSlow,ChiefNavigatorSinniVignette_sinni_avici_slow,,FireAll ChiefNavigatorSinniVignette_sinni_avici_end,,,Routes an Avici command response to the common ending.
chiefNavigatorSinniAviciValley,ChiefNavigatorSinniVignette_sinni_avici_valley,,FireAll ChiefNavigatorSinniVignette_sinni_avici_end,,,Routes an Avici command response to the common ending.
chiefNavigatorSinniAviciEnd,ChiefNavigatorSinniVignette_sinni_avici_end,,,"""Aye!"" your bridge echoes.

For one long moment, the fleet hangs at the boundary.

Then your ships cross the distortion without incident.

The pressure on the drive field vanishes.

Behind you, the black pool continues to churn as though nothing remarkable has happened.

Later, Sinni proposes a name for the system that sticks.

Avici.

The lowest hell.",100:complete_avici:Continue.,One-time Avici arrival scene; completion is recorded only here.
chiefNavigatorSinniVignetteCompleteAvici,ChiefNavigatorSinniVignette_complete_avici,,DismissDialog,,,Runtime completion endpoint for the one-time Avici arrival.
chiefNavigatorSinniOrionSanzu,ChiefNavigatorSinniVignette_sinni_sanzu,,,"""$chiefNavigatorSinniPlayerTitle,"" Sinni calls from navigation. One hand presses against her headset. ""Crossing the system jump point now.""","0:sinni_sanzu_opticals_response_1:""Open opticals.""
10:sinni_sanzu_opticals_response_2:""Let's see where we are.""",Authored Sanzu arrival; shared pursuit safety gate; completion only on final Continue.
chiefNavigatorSinniOrionSanzuOpticalsResponse1,ChiefNavigatorSinniVignette_sinni_sanzu_opticals_response_1,,FireAll ChiefNavigatorSinniVignette_sinni_sanzu_opticals,,,Unique option ID for an authored converging response.
chiefNavigatorSinniOrionSanzuOpticalsResponse2,ChiefNavigatorSinniVignette_sinni_sanzu_opticals_response_2,,FireAll ChiefNavigatorSinniVignette_sinni_sanzu_opticals,,,Unique option ID for an authored converging response.
chiefNavigatorSinniOrionSanzuOpticals,ChiefNavigatorSinniVignette_sinni_sanzu_opticals,,,"At your command, the bridge shutters begin to unfold.

Blue-white light spills through the widening seams. The optical filters darken automatically, reducing the glare until the stars beyond resolve into view. On Sinni's display, the fleet's drive bubble makes final contact with realspace.

Then you hear something you shouldn't.

Was that... wind?

A low rushing sound passes through the hull.",0:chief_navigator_auto_page_chief_navigator_sinni_orion_sanzu_opticals_2:Continue.,Authored Sanzu arrival; shared pursuit safety gate; completion only on final Continue. Auto-paged 1/3.
chiefNavigatorSinniOrionSanzuOpticalsPage2,ChiefNavigatorSinniVignette_chief_navigator_auto_page_chief_navigator_sinni_orion_sanzu_opticals_2,,,"You have just enough time to look up before the entire ship is thrown sideways.

Loose crew go tumbling across the bridge. Restraints snap taut. Your chest slams against your belts hard enough to drive the air from your lungs.

Around you, alarms erupt. Sinni has both hands braced against her console.

""What the—""

The ship groans around you, metal complaining against stresses it was never meant to feel. Then, finally, the groaning stops.",0:chief_navigator_auto_page_chief_navigator_sinni_orion_sanzu_opticals_3:Continue.,Automatic runtime continuation 2/3 for chiefNavigatorSinniOrionSanzuOpticals.
chiefNavigatorSinniOrionSanzuOpticalsPage3,ChiefNavigatorSinniVignette_chief_navigator_auto_page_chief_navigator_sinni_orion_sanzu_opticals_3,,,"The rushing doesn't.

For now, at least, the chaos has subsided.","0:sinni_sanzu_damage:""Damage!""",Automatic runtime continuation 3/3 for chiefNavigatorSinniOrionSanzuOpticals.
chiefNavigatorSinniOrionSanzuDamage,ChiefNavigatorSinniVignette_sinni_sanzu_damage,,,"""D-deck reports are still coming in, $chiefNavigatorSinniPlayerTitle!""

Your DCA stares at the diagnostic board, taps a few keys, then stares again.

""...No damage.""

The alarms slowly peter away.

""No hull deformation. No pressure loss.""

""Drive field stable,"" Sinni calls out.

She is looking toward the forward opticals.",0:chief_navigator_auto_page_chief_navigator_sinni_orion_sanzu_damage_2:Continue.,Authored Sanzu arrival; shared pursuit safety gate; completion only on final Continue. Auto-paged 1/2.
chiefNavigatorSinniOrionSanzuDamagePage2,ChiefNavigatorSinniVignette_chief_navigator_auto_page_chief_navigator_sinni_orion_sanzu_damage_2,,,"Something outside is moving.

At first, it looks like a shifting nebula, thick light-blue dust streaming over your drive bubble like an ocean flowing across glass.

Then your fleet's drive bubble breaks free of the current.","0:sinni_sanzu_river_response_1:""Holy shit.""
10:sinni_sanzu_river_response_2:""Nav... What is this?""",Automatic runtime continuation 2/2 for chiefNavigatorSinniOrionSanzuDamage.
chiefNavigatorSinniOrionSanzuRiverResponse1,ChiefNavigatorSinniVignette_sinni_sanzu_river_response_1,,FireAll ChiefNavigatorSinniVignette_sinni_sanzu_river,,,Unique option ID for an authored converging response.
chiefNavigatorSinniOrionSanzuRiverResponse2,ChiefNavigatorSinniVignette_sinni_sanzu_river_response_2,,FireAll ChiefNavigatorSinniVignette_sinni_sanzu_river,,,Unique option ID for an authored converging response.
chiefNavigatorSinniOrionSanzuRiver,ChiefNavigatorSinniVignette_sinni_sanzu_river,,,"""It... it has to be...""

Sinni is staring out the opticals, transfixed.

It is an endless current.

The nebula clouds are forming a river, light-years long, stretching far beyond the horizon. You can see planets caught inside it, even a distant star, their silhouettes warped behind sheets of pale blue-white dust.

Sinni stares at the navigation display for several seconds before her hands begin moving again.

""Give me time.""",0:chief_navigator_auto_page_chief_navigator_sinni_orion_sanzu_river_2:Continue.,Authored Sanzu arrival; shared pursuit safety gate; completion only on final Continue. Auto-paged 1/3.
chiefNavigatorSinniOrionSanzuRiverPage2,ChiefNavigatorSinniVignette_chief_navigator_auto_page_chief_navigator_sinni_orion_sanzu_river_2,,,"You have your fleet hold position for a day. The current, once your nav team runs their calculations, is trivial to counteract with sublight travel, and your tac officer delivers a report expressing confidence in the concealment capabilities of the flowing nebula clouds. Just keep a careful watch against the current, he warns. Enemies might ride the river to attack.

You later find Sinni sitting at the lip of the opticals. Datapads surround her, complicated equations and reference material glowing all around her. There is a cup of tea next to her, but it looks like it's gone cold.",0:chief_navigator_auto_page_chief_navigator_sinni_orion_sanzu_river_3:Continue.,Automatic runtime continuation 2/3 for chiefNavigatorSinniOrionSanzuRiver.
chiefNavigatorSinniOrionSanzuRiverPage3,ChiefNavigatorSinniVignette_chief_navigator_auto_page_chief_navigator_sinni_orion_sanzu_river_3,,,"""It's a black hole,"" Sinni says without turning around. She must have seen your reflection in the opticals. ""The current is nebular material being pulled in from the Alpha Odyssey and Ashen Verge systems.""","0:sinni_sanzu_avici:""So this system is a black hole system?""",Automatic runtime continuation 3/3 for chiefNavigatorSinniOrionSanzuRiver.
chiefNavigatorSinniOrionSanzuAviciSeenBranch,ChiefNavigatorSinniVignette_sinni_sanzu_avici,$chiefNavigatorSinniSawAvici == true,,"""No.""

""Do you remember that black hole system galactic south of here? The one with abyssal hyperspace spilling into realspace?""","0:sinni_sanzu_avici_seen:""How could I forget.""",Authored Sanzu arrival; shared pursuit safety gate; completion only on final Continue.
chiefNavigatorSinniOrionSanzuAviciUnseenBranch,ChiefNavigatorSinniVignette_sinni_sanzu_avici,$chiefNavigatorSinniSawAvici == false,,"""No.""

""Based on my calculations, there is... something like a black hole galactic south of here."" Sinni shakes her head. ""It's the only model that makes sense. But the size of that black hole...""","0:sinni_sanzu_avici_unseen:""How big?""",Authored Sanzu arrival; shared pursuit safety gate; completion only on final Continue.
chiefNavigatorSinniOrionSanzuAviciSeen,ChiefNavigatorSinniVignette_sinni_sanzu_avici_seen,,,"Sinni expands the regional map across the opticals.

Alpha Odyssey.

Ashen Verge.

Your present system.

Then Avici.

Thin blue lines begin appearing across the map, tracing the motion of the nebular material your fleet has been sailing through. Every line bends toward the same system.

""Avici.""",0:chief_navigator_auto_page_chief_navigator_sinni_orion_sanzu_avici_seen_2:Continue.,Authored Sanzu arrival; shared pursuit safety gate; completion only on final Continue. Auto-paged 1/2.
chiefNavigatorSinniOrionSanzuAviciSeenPage2,ChiefNavigatorSinniVignette_chief_navigator_auto_page_chief_navigator_sinni_orion_sanzu_avici_seen_2,,,"She looks out through the opticals.

""The current isn't coming from here. We're crossing material already falling toward it.""",0:sinni_sanzu_avici_common:Continue.,Automatic runtime continuation 2/2 for chiefNavigatorSinniOrionSanzuAviciSeen.
chiefNavigatorSinniOrionSanzuAviciUnseen,ChiefNavigatorSinniVignette_sinni_sanzu_avici_unseen,,,"""Something big. Very big.""

She overlays the current's direction across the regional chart.

The vectors from Alpha Odyssey and Ashen Verge continue southward, converging beyond the limits of your explored map.

""The model only works if there's a gravitational source out there vastly larger than anything in these systems.""

Sinni stares at the projection.",0:chief_navigator_auto_page_chief_navigator_sinni_orion_sanzu_avici_unseen_2:Continue.,Authored Sanzu arrival; shared pursuit safety gate; completion only on final Continue. Auto-paged 1/2.
chiefNavigatorSinniOrionSanzuAviciUnseenPage2,ChiefNavigatorSinniVignette_chief_navigator_auto_page_chief_navigator_sinni_orion_sanzu_avici_unseen_2,,,"""But to draw material across interstellar distances... if my estimate is even close...""

She trails off.","0:sinni_sanzu_avici_unseen_2:""How large?""",Automatic runtime continuation 2/2 for chiefNavigatorSinniOrionSanzuAviciUnseen.
chiefNavigatorSinniOrionSanzuAviciUnseen2,ChiefNavigatorSinniVignette_sinni_sanzu_avici_unseen_2,,,"""Ultramassive. At least.""

Sinni looks toward the southern edge of the chart.

""Nothing smaller fits the model.""",0:sinni_sanzu_avici_common:Continue.,Authored Sanzu arrival; shared pursuit safety gate; completion only on final Continue.
chiefNavigatorSinniOrionSanzuAviciCommon,ChiefNavigatorSinniVignette_sinni_sanzu_avici_common,,,"Sinni draws another line through Alpha Odyssey, then another through Ashen Verge.

""The nebulae there are moving too. Slowly enough that you'd never notice from inside them, but they're all drifting in the same direction.""","0:sinni_sanzu_avici_3_response_1:""So this whole river is feeding it.""
10:sinni_sanzu_avici_3_response_2:""It's pulling material out of entire systems.""
20:sinni_sanzu_avici_3_response_3:""Everything is being drawn away...""",Authored Sanzu arrival; shared pursuit safety gate; completion only on final Continue.
chiefNavigatorSinniOrionSanzuAvici3Response1,ChiefNavigatorSinniVignette_sinni_sanzu_avici_3_response_1,,FireAll ChiefNavigatorSinniVignette_sinni_sanzu_avici_3,,,Unique option ID for an authored converging response.
chiefNavigatorSinniOrionSanzuAvici3Response2,ChiefNavigatorSinniVignette_sinni_sanzu_avici_3_response_2,,FireAll ChiefNavigatorSinniVignette_sinni_sanzu_avici_3,,,Unique option ID for an authored converging response.
chiefNavigatorSinniOrionSanzuAvici3Response3,ChiefNavigatorSinniVignette_sinni_sanzu_avici_3_response_3,,FireAll ChiefNavigatorSinniVignette_sinni_sanzu_avici_3,,,Unique option ID for an authored converging response.
chiefNavigatorSinniOrionSanzuAvici3,ChiefNavigatorSinniVignette_sinni_sanzu_avici_3,,,"""It's just so much bigger than us,"" Sinni says, holding one hand toward the current. ""In a year, more material will pass through this river than the entire mass of Eventide. Our grandchildren's grandchildren would never live to see the first of what passes us today reach the void.""

For a while, she simply watches it.

Then Sinni turns and fixes you with a look.

""$chiefNavigatorSinniPlayerTitle, where you move, the Sector trembles. The tides turn in your wake; the sea calms at your command.""","0:sinni_sanzu_small_response_1:""...But?""
10:sinni_sanzu_small_response_2:""I like this conversation.""",Authored Sanzu arrival; shared pursuit safety gate; completion only on final Continue.
chiefNavigatorSinniOrionSanzuSmallResponse1,ChiefNavigatorSinniVignette_sinni_sanzu_small_response_1,,FireAll ChiefNavigatorSinniVignette_sinni_sanzu_small,,,Unique option ID for an authored converging response.
chiefNavigatorSinniOrionSanzuSmallResponse2,ChiefNavigatorSinniVignette_sinni_sanzu_small_response_2,,FireAll ChiefNavigatorSinniVignette_sinni_sanzu_small,,,Unique option ID for an authored converging response.
chiefNavigatorSinniOrionSanzuSmall,ChiefNavigatorSinniVignette_sinni_sanzu_small,,,"Sinni gives a small smile.

""And yet... even if you were to light the entire Sector ablaze, nothing would change out here.""

She turns back toward the opticals. The pale current rolls on, utterly indifferent.

""The world moves on.""

Sinni watches it for another moment.

""Here, the sky is vast and the Emperor is far away.""","0:sinni_sanzu_final_response_1:""Pardon?""
10:sinni_sanzu_final_response_2:""Another Eventide saying?""",Authored Sanzu arrival; shared pursuit safety gate; completion only on final Continue.
chiefNavigatorSinniOrionSanzuFinalResponse1,ChiefNavigatorSinniVignette_sinni_sanzu_final_response_1,,FireAll ChiefNavigatorSinniVignette_sinni_sanzu_final,,,Unique option ID for an authored converging response.
chiefNavigatorSinniOrionSanzuFinalResponse2,ChiefNavigatorSinniVignette_sinni_sanzu_final_response_2,,FireAll ChiefNavigatorSinniVignette_sinni_sanzu_final,,,Unique option ID for an authored converging response.
chiefNavigatorSinniOrionSanzuFinal,ChiefNavigatorSinniVignette_sinni_sanzu_final,,,"""Never mind.""

Sinni gathers her datapads and finally notices the forgotten cup of tea beside her.

""Tell the fleet we can move at any time. This system is safe to traverse.""

She picks up the cold tea anyway and disappears back toward her quarters.",100:complete_sanzu:Continue.,Authored Sanzu arrival; shared pursuit safety gate; completion only on final Continue.
chiefNavigatorSinniOrionCompleteSanzu,ChiefNavigatorSinniVignette_complete_sanzu,,DismissDialog,,,Completion is recorded by the vignette interaction on this final choice.
chiefNavigatorLastLightGuardianLocked,ChiefNavigatorLastLightGuardianLocked,,,"The derelict Guardian hangs motionless above Ember. Black filaments finer than sensor resolution lace the surrounding vacuum and disappear into its armor.

Every recovery drone sent toward the wreck vanishes into the web. The droneship cannot be approached while Ungaikyo remains coherent.",100:chief_navigator_last_light_guardian_locked_leave:Withdraw.,Blocks Guardian recovery until Ungaikyo is permanently defeated.
chiefNavigatorLastLightGuardianLockedLeave,DialogOptionSelected,$option == chief_navigator_last_light_guardian_locked_leave,DismissDialog,,,Closes the standalone Ungaikyo-locked Guardian wreck dialog.
chiefNavigatorBudaiSalvageOpeningIsa,ChiefNavigatorBudaiSalvage_opening_isa,,PlaySound ui_discovered_entity,"Budai does not leave a corpse. Its distortion collapses inward, then convulses.

Armor plate, cable, structural members, and fused machinery begin emerging from its body in a slow, expanding cloud.

The bow of an Onslaught Mk.I rolls free. The battleship has been hollowed to a rib cage, its armor polished from the inside. Two forward gun assemblies remain buried in the keel.",0:assess_isa:Continue.,One-time post-Budai salvage opening when Isa Leicester has joined the fleet.
chiefNavigatorBudaiSalvageOpeningChief,ChiefNavigatorBudaiSalvage_opening_salvage_chief,,PlaySound ui_discovered_entity,"Budai does not leave a conventional wreck. Its distortion collapses inward, then convulses.

Armor plate, cable, structural members, and fused machinery begin disgorging from the mouth in a slow, expanding cloud.

The bow of an Onslaught Mk.I drifts out of the distortion as that same distortion fades. By the time the last bits of twisted light and black-red smoke fade into nothing, the desiccated corpse of the Hegemony's pride and strength is now free. The battleship has been hollowed to a rib cage, its armor polished from the inside. Two forward gun assemblies remain buried in the keel.",0:assess_salvage_chief:Continue.,One-time post-Budai salvage opening without Isa Leicester.
chiefNavigatorBudaiSalvageAssessIsa,ChiefNavigatorBudaiSalvage_assess_isa,,,"Isa joins the salvage chiefs at the cut line. She identifies the assemblies as Heavy Adjudicators: Domain flak cannon feeds built through the Onslaught's frame rather than mounted on it.

She studies the distorted keel on three different scans.

""Eeeverything's FUBAR'd except for the main guns. I think I can extract the port one no problem. That starboard one though..."" Isa chews her lip, thinking. ""Get me a vacsuit, $chiefNavigatorBudaiPlayerTitle. I'll see what I can do.""",0:extract_isa:Begin the extraction.,Isa identifies the surviving Heavy Adjudicators and directs the operation.
chiefNavigatorBudaiSalvageAssessChief,ChiefNavigatorBudaiSalvage_assess_salvage_chief,,,"Your salvage chief identifies the assemblies as Heavy Adjudicators: Domain flak cannon feeds built through the Onslaught's frame rather than mounted on it.

The mechanisms are intact, but the wreck is now part gun carriage and part Budai-digested shell. Extracting either weapon will mean cutting away what remains of the ship around it.",0:extract_salvage_chief:Begin the extraction.,Fallback assessment when Isa Leicester has not joined the fleet.
chiefNavigatorBudaiSalvageExtractIsa,ChiefNavigatorBudaiSalvage_extract_isa,,,"The operation takes hours. Salvage crews peel the keel away in sections while Isa has temporary recoil frames welded around each feed assembly. Nothing recoverable remains of the Onslaught when the second gun comes free.

Two modularized Heavy Adjudicators are transferred to the fleet's weapon stores. Their improvised mounting frames are jerry-rigged to fit standard large ballistic hardpoints.",0:complete:Continue.,Awards exactly two mountable Heavy Adjudicators with Isa's assistance.
chiefNavigatorBudaiSalvageExtractChief,ChiefNavigatorBudaiSalvage_extract_salvage_chief,,,"The operation takes most of a watch. Salvage crews peel the keel away in sections and weld a temporary recoil frame around one feed assembly. Nothing recoverable remains of the Onslaught when the gun comes free.

A single modularized Heavy Adjudicator is transferred to the fleet's weapon stores. Its improvised mounting frame is jerry-rigged to fit standard large ballistic hardpoints.",0:complete:Continue.,Awards exactly one mountable Heavy Adjudicator without Isa's assistance.
chiefNavigatorBudaiSalvageComplete,ChiefNavigatorBudaiSalvage_complete,,DismissDialog,,,Closes the one-time post-Budai salvage scene.
